,id,post#,tacoType,restaurant,cityState,rating,ratingEval,secondsToFinish,leftovers
0,0,621,Fish Taco,Long John Silver‚Äôs (@longjohnsilvers),"Merced, CA",8.9/10,0.89,98 seconds to finish,#tacos #tomeatingtacos #fish #longjohnsilvers #food #california
1,1,620,Beef Taco Dorado,Tuition Tacos (@tuitiontacos),"Los Angeles, CA (Palms)",9.23/10,0.923,98 seconds to finish,#tacos #tomeatingtacos #fish #longjohnsilvers #food #california
2,2,619,Shrimp Dorado Taco,El Roy,"Petaluma, CA",9.24/10,0.924,79 seconds to finish,#tacos #tomeatingtacos #food
3,3,618,Brisket Breakfast Taco,Aptos St,BBQ,"Aptos, CA",,8.6/10. 98 seconds to finish,#tacos #tomeatingtacos #bbq
4,4,617,Carnitas Taco,La Caba√±a Taqueria,"Santa Cruz, CA",7.1/10,0.71,21 seconds to finish,#tacos #tomeatingtacos #santacruz #friday
5,5,616,Asada Taco,El Frijolito Mexican Food,"Watsonville, CA",9.1/10,0.909999999999999,123 seconds to finish,#tacos #tomeatingtacos #food #yummy
6,6,615,Vegetariano Taco,Taco Plus,"Los Angeles, CA",7.1/10,0.71,87 seconds to finish,"#tacos #tomeatingtacos #vegetarian 
Feat. @quinn.garrett"
7,7,614,Mushroom Taco on Flour,Loqui (@eatloqui),"Culver City, CA",9.38/10,0.9380000000000001,109 seconds to finish,"#tacos #tomeatingtacos #food #vegetarian #shrooms
Feat. @annieduner"
8,8,613,Soy Chorizo Taco,Pool Lodge,"Los Angeles, CA",8.6/10,0.86,46 seconds to finish,"#tacos #tomeatingtacos #food #soyboy #vegetarian 
Fuck you: @quinn.garrett"
9,9,612,Asada Taco,Tacos La Central,"Colton, CA",9.3/10,0.93,32 seconds to finish,#tacos #tomeatingtacos #food #saturday
10,10,611,Al Pastor Taco,Taco Shop Mexican Grill,"San Bernardino, CA",9.1/10,0.909999999999999,24 seconds to finish,#tacos #tomeatingtacos #food
11,11,610,Spicy Dorado Taco,Fish Shop,"Encinitas, CA",9.5/10,0.9500000000000001,96 seconds to finish,"#tomeatingtacos #tacos #food #yummy 
Feat. @annieduner @natalieduner"
12,12,609,Sweet Potato & Black Bean Taco,Pool Lodge,"Los Angeles, CA",8.9/10,0.89,83 seconds to finish,#tacos #tomeatingtacos #tacotuesday #food #vegetarian #yummy
13,13,608,Ground Turkey Quesataco,Pool Lodge,"Castle Heights - Los Angeles, CA",8.5/10,0.85,53 seconds to finish,#tacos #tomeatingtacos #tacotuesday #food #la
14,14,607,Bacon & Ham Breakfast Taco,By @hamsandwichgram,"Los Angeles, CA",9.3/10,0.93,82 seconds to finish,#tacos #tomeatingtacos #tacotuesday #food
15,15,606,Al Pastor/Ground Beef Cheeseburger Taco,Pool Lodge,"Los Angeles, CA",9.1/10,0.909999999999999,34 seconds to finish,#tacos #tacotuesday #tomeatingtacos #cincodemayo #losangeles #food
16,16,605,Carne Molida Taco,Pool Lodge,"Los Angeles, CA",8.6/10,0.86,43 seconds to finish,#tacos #tomeatingtacos #pool #food
17,17,604,Al Pastor Taco,Homemade,"Los Angeles, CA",8.4/10,0.8400000000000001,51 seconds to finish,#tacos #tomeatingtacos #tacotuesday #food #quarantine #tiedye #weed
18,18,603,Asada and Al Pastor Lettuce Taco,Homemade,"Los Angeles, CA",9.2/10,0.919999999999999,129 seconds to finish,#tacos #tomeatingtacos #tacotuesday #food
19,19,602,Quarantine Chicken Taco,Homemade,"Los Angeles, CA",8.1/10,0.809999999999999,48 seconds to finish,#tacos #tomeatingtaco #quarantine #fun #food
20,20,601,Pork Quesataco,Pool Lodge,"Los Angeles, CA",8.9/10,0.89,95 seconds to finish,#tacos tomeatingtacos #quarantine
21,21,600,Carne Asada Taco,Taqueria San Marcos,"Capitola, CA",9.18/10,0.917999999999999,54 seconds to finish,"#tacos #tomeatingtacos #food 
Feat. @annieduner"
22,22,599,Al Pastor Taco,Boni‚Äôs Tacos,"Cambria, CA",8.6/10,0.86,45 seconds to finish,"#tacos #tomeatingtacos 
Feat. @annieduner"
23,23,598,Steak Taco,Chica‚Äôs Tacos (@chicastacos),"Culver City, CA",8.2/10,0.8200000000000001,54 seconds to finish,#tacos #tomeatingtacos #tacotuesday
24,24,597,Carnitas Pericos Taco,Taqueria Los Pericos,"Santa Cruz, CA",9.7/10,0.97,107 seconds to finish,#tacos #tomeatingtacos #food
25,25,596,Pork Taco,Far Bar,"Downtown Los Angeles, CA",6.5/10,0.65,23 seconds to finish,#tacos #tomeatingtacos #mmc
26,26,595,Carnitas Taco,La Esquina (@laesquinaonvenice),"Los Angeles, CA",7.8/10,0.78,49 seconds to finish,#tacos #tomeatingtacos
27,27,594,Steak Picado Taco,Guisados (@guisados),"West Hollywood, CA",8.7/10,0.8699999999999991,67 seconds to finish,"#tacos #tomeatingtacos 
Feat. @stevsilv"
28,28,593,Asada Taco,Mar Vista Street Guys,"Los Angeles, CA",8.8/10,0.8800000000000001,26 seconds to finish,#tacos #tomeatingtacos #tacotuesday
29,29,592,Steak Taco,Chancho‚Äôs Tacos - @xflwildcats,"Dignity Health Sports Park, Carson, CA",6.2/10,0.62,27 seconds to finish,"#tacos #tomeatingtacos #fortheloveoffootball 
Feat. @xfl"
30,30,591,Loaded Tiny Taco,Jack in the Box (@jackinthebox),"Los Angeles, CA",8.8/10,0.8800000000000001,.5 seconds to finish,"#tacos #tomeatingtacos #food 
Feat. @audreystewisart"
31,31,590,Chicken Mole Taco,From @ale_ale_jandraaa,"Santa Cruz, CA",9/10,0.9,73 seconds to finish,#tacks #tomeatingtacos #santacruz #moles
32,32,589,Grilled Steak Taco,Taco Bell Cantina (@tacobell),"Pacifica, CA",8.6/10,0.86,64 seconds to finish,#tacos #tomeatingtacos #tacobell #beach
33,33,588,Jimmy Taco,Plancha Tacos (@plancha_tacos),"Los Angeles, CA",7.3/10,0.73,167 seconds to finish,"#tacos #tomeatingtacos 
Feat. @audreystewisart"
34,34,587,Double Cheesy Gordita,@tacobell,"Los Angeles, CA",8.3/10,0.8300000000000001,139 seconds to finish,"#tacos #tomeatingtacos #tacobell #la 
Hat by @tacoapparelcompany"
35,35,586,Animal Style Taco,Hoagies (@peacelovehoagies),"Pismo Beach, CA",9.45/10,0.9450000000000001,269 seconds to finish,#tacos #tomeatingtacos #pismobeach #food
36,36,585,Chile Verde Taco,Zorro‚Äôs Cafe & Cantina,"Pismo Beach, CA",8.87/10,0.8869999999999991,93 seconds to finish,"#tacos #tomeatingtacos #food 
Feat. @a_dunear"
37,37,584,Beef Taco,Homemade with @hellofresh,"Los Angeles, CA",8.75/10,0.875,68 seconds to finish,#tacos #tomeatingtacos #sunday #food
38,38,583,Fish Taco,The Waterfront Venice (@thewaterfrontvenice),7/10,8.75/10,0.875,68 seconds to finish,#tacos #tomeatingtacos #sunday #food
39,39,582,Shrimp Taco,Ruben‚Äôs Tacos,"Culver City, CA",9/10,0.9,46 seconds to finish,#tacos #tomeatingtacos #culvercity  #food #losangeles #yum #taco #tacotuesday #foodie #eat #delicious #socalfood #hungry #foodporn #tacoclock
40,40,581,Carne Asada Taco,Dino‚Äôs Chicken & Burgers,"Los Angeles, CA",9/10,0.9,108 seconds to finish,#tacos #tomeatingtacos #foodporn
41,41,580,Cabeza Taco with Cheese,Tacos El Compita,"Los Angeles, CA",9.1/10,0.909999999999999,47 seconds to finish,#tacos #tomeatingtacos
42,42,579,D√∂ner Mini Taco,Stockhome,"Petaluma, CA",8.9/10,0.89,46 seconds to finish,"#tacos #tomeatingtacos #newyear 
Feat. @a_dunear @danielle.m.freeman @jeff_rey_roy @scallahan1 @allisonsackett"
43,43,578,Fish Taco,Dos Victoria‚Äôs Mexican Grill,"Monterey, CA",8.3/10,0.8300000000000001,87 seconds to finish,#tacos #tomeatingtacos #biglittlelies
44,44,577,Asada Taco,Tacos El Guero,"Hawthorne, CA",8.7/10,0.8699999999999991,46 seconds to finish,#tacos #tomeatingtacos
45,45,576,Chargrilled Steak Taco,Caf√© Salsa,"Countryside, IL",8.8/10,0.8800000000000001,84 seconds to finish,"#tacos #tomeatingtacos 
Feat. @jillian_gable"
46,46,575,Al Pastor Taco,Viva Fresh Mexican Grill,"Los Angeles, CA",6.5/10,0.65,24 seconds to finish,#tacos #tomeatingtacos #la
47,47,574,Carne Asada Taco,Kogi Taqueria (@kogibbq),"Los Angeles, CA",9.4/10,0.9400000000000001,48 seconds to finish,#tacos #tomeatingtacos #tacotuesday #food
48,48,573,Buche Taco,Delicias Elenita Taco Truck,"Santa Rosa, CA",9.2/10,0.919999999999999,28 seconds to finish,#tacos #tomeatingtacos
49,49,572,Prawn Taco,El Palomar,"Santa Cruz, CA",8.2/10,0.8200000000000001,69 seconds to finish,#tacos #tomeatingtacos
50,50,571,Asada Taco,El Sol Mexican Restaurant,"Corona, CA",8.7/10,0.8699999999999991,72 seconds to finish,#tacos #tomeatingtacos
51,51,570,Grilled Shrimp Taco,Baja California Taco,"Culver City, CA",9.2/10,0.919999999999999,89 seconds to finish,#tacos #tomeatingtacos #la #food
52,52,569,Taco Al Carbon,El Pollo Loco (@elpolloloco),"Santa Monica, CA",7.9/10,0.79,49 seconds to finish,#tacos #tomeatingtacos
53,53,568,Asada Taco,Guys Outside @teragramla,"Los Angeles, CA",6.4/10,0.64,38 seconds to finish,#tacos #tomeatingtacos @twinpeaksdudes
54,54,567,Al Pastor Taco,Leo‚Äôs Taco Truck(@leostacostruck),"Los Angeles, CA",9.7/10,0.97,32 seconds to finish,#tacos #tomeatingtacos
55,55,566,Birria Quesataco,Papi Tacos & Churros (@papi_losangeles),"Los Angeles, CA (Jefferson Park)",8.98/10,0.898,48 seconds to finish,"#tacos #tomeatingtacos #losangeles 
Feat. @c_cuff30"
56,56,565,Original Fish Taco,Rubio‚Äôs,"Marina Del Rey, CA",7.4/10,0.74,47 seconds to finish,#tacos #tomeatingtacos
57,57,564,Shrimp Taco,Mariscos El Faro (@mariscoselfaro_),"Los Angeles, CA (Highland Park)",9.18/10,0.917999999999999,46 seconds to finish,#tacos #tomeatingtacos #la
58,58,563,Asada Taco,Don Antonio‚Äôs,"West Los Angeles, CA",8.1/10,0.809999999999999,32 seconds to finish,"#tacos #tomeatingtacos 
Feat. @rrdaily @instafishie"
59,59,562,Al Pastor Quesotaco,Tacos El Venado (@tacoselvenado),"North Hollywood, CA",9.9/10,0.99,76 seconds to finish,"#tacos #tomeatingtacos 
Feat. @dave_geebok_"
60,60,561,Duck Hash Taco,Revolutionario: North African Tacos,"Los Angeles, CA",8.75/10,0.875,43 seconds to finish,#tacos #tomeatingtacos
61,61,560,Ham and Egg Taco,Homemade by @hamsandwichgram,"Marina Del Rey, CA",8.8/10,0.8800000000000001,65 seconds to finish,#tacos #tomeatingtacos
62,62,559,Beef Taco,Kennys Irish Pub,"Countryside, IL",6.3/10,0.63,47 seconds to finish,#tacos #tomeatingtacos #kennys
63,63,558,Breakfast Taco,The Wicked Hop,"Milwaukee, WI",57 seconds to finish 8.3/10,,47 seconds to finish,#tacos #tomeatingtacos #kennys
64,64,557,Bacon Chocolate Chip Pancake Taco,"Countryside, IL",Made by @lisavcallahan,8.4/10,0.8400000000000001,47 seconds to finish,"#tacos #tomeatingtacos 
Feat. @scallahan1"
65,65,556,Tri Tip Taco,Rock & Brews,LAX Terminal 1,7.7/10,0.77,78 seconds to finish,#tacos #tomeatingtacos #lax
66,66,555,Expired Chicken Spinach and Bean Taco,Homemade,"Marina Del Rey, CA",4/10,0.4,54 seconds to finish,#tacos #tomeatingtacos #chicken #salmonella
67,67,554,Ballpark Nacho Taco,Bub‚Äôs at the Ballpark,"San Diego, CA",8.1/10,0.809999999999999,149 seconds to finish,#tacos #tomeatingtacos #diy #food #tall #sandiego
68,68,553,Lamb Taco,La Perla,"San Diego, CA",8.6/10,0.86,106 seconds to finish,#tacos #tomeatingtacos #sandiego
69,69,552,Al Pastor Taco,Fabric Staffing,"Marina Del Rey, CA",8.4/10,0.8400000000000001,47 seconds to finish,#tacos #tomeatingtacos
70,70,551,Carnitas Taco,Cerveteca,"Culver City, CA",9.15/10,0.915,69 seconds to finish,"#tacos #tomeatingtacos 
Feat. @jimmy.jimes @wfhmattson"
71,71,550,Bacon and Egg Taco,Flyrite,"Austin, TX (Airport)",4.2/10,0.42000000000000004,56 seconds to finish,#tacos #tomeatingtacos #austin
72,72,549,Independent Taco,Torchy‚Äôs Tacos (@torchystacos),"Austin, TX",8.1/10,0.809999999999999,87 seconds to finish,#tacos #tomeatingtacos #austin
73,73,548,Shrimp Taco,Hula Hut,"Austin, TX",9.1/10,0.909999999999999,67 seconds to finish,#tomeatingtacos #texas
74,74,547,Al Pastor con Queso Taco,Tacos Tamix,"Los Angeles, CA (Palms)",9.25/10,0.925,43 seconds to finish,#tacos #tomeatingtacos
75,75,546,Carnitas Taco,Leo‚Äôs Tacos Truck (@leostacostruck),"Los Angeles, CA",9/10,0.9,21 seconds to finish,"#tacos #tomeatingtacos 
Feat. @coastalsifters"
76,76,545,Carnitas Taco,Juquila,"Los Angeles, CA",7.1/10,0.71,34 seconds to finish,#tacos #tomeatingtacos #la
77,77,544,Al Pastor con Queso Taco,El Huequito,"Mexico City, MX",9.3/10,0.93,47 seconds to finish,#tacos #tomeatingtacos #mexicocity
78,78,543,Al Pastor Taco,Taqueria El Fog√≥n,"Mexico City, MX",8.9/10,0.89,23 seconds to finish,#tacos #tomeatingtacos #cdmx
79,79,542,Tripa Taco,Taqueria Los Cocuyos,"Mexico City, MX",9.15/10,0.915,26 seconds to finish,#tacos #tomeatingtacos #mexicocity
80,80,541,Chicharron Taco,Taqueria Orinoco,"Mexico City, MX",9.5/10,0.9500000000000001,69 seconds to finish,#tacos #tomeatingtacos #mexicocity
81,81,540,Al Pastor Taco,El Tizoncito,"Mexico City, MX",8.8/10,0.8800000000000001,16 seconds to finish,#tacos #tomeatingtacos #cdmx
82,82,539,Al Pastor Taco,Taqueria Borrego Viudo,"Mexico City, MX",8/10,0.8,11 seconds to finish,#tacos #tomeatingtacos #cdmx
83,83,538,Bistek Taco con Queso,Taqueria El Progreso,"Mexico City, MX",9.25/10,0.925,56 seconds to finish,#tacos #tomeatingtacos #cdmx
84,84,537,Al Pastor Taco,Taqueria Selene,"Mexico City, MX",9.1/10,0.909999999999999,9 seconds to finish,#tacos #tomeatingtaco #tacotuesday #cdmx
85,85,536,Buche Taco,Rica‚Äôs Tacos de Carnitas,"Mexico City, MX",9.1/10,0.909999999999999,21 seconds to finish,#tacos #tomeatingtacos #tacotuesday #luchelibre
86,86,535,Chile Relleno & Shrimp Taco,El Pescadito,"Mexico City, MX",9.6/10,0.96,198 seconds to finish,#tacos #tomeatingtacos #tacotueaday
87,87,534,Vegan Pastor Taco,Por Siempre Vegana,"Mexico City, MX",8.5/10,0.85,32 seconds to finish,#tacos #tomeatingtacos #tacotuesday
88,88,533,Gringa Taco/Quesadilla,Taqueria Orinocos,"Mexico City, MX",9.7/10,0.97,57 seconds to finish,#taco #tomeatingtacos #mexicocity #tacotuesday
89,89,532,Al Pastor Taco,Taqueria Samuel,"Mexico City, MX",8.7/10,0.8699999999999991,26 seconds to finish,#tacos #tomeatingtacos #mexico
90,90,531,Shrimp Taco,Pacific Tacos,"Long Beach, CA",9.4/10,0.9400000000000001,134 seconds to finish,#tacos #tomeatingtacos #longbeach
91,91,530,Taco de Camaron,Mariscos Jalisco (@mariscosjalisco),"Los Angeles, CA (Boyle Heights)",9.6/10,0.96,78 seconds to finish,#tacos #tomeatingtacos #la #seafood
92,92,529,Adobada Taco,Tacos El Gordo (@tacoselgordo_),"Las Vegas, NV",9.35/10,0.934999999999999,27 seconds to finish,#tacos #tomeatingtacos #vegas
93,93,528,Asada Taco,Gilberto‚Äôs,"Moab, UT",7.7/10,0.77,46 seconds to finish,#tacos #tomeatingtacos #tacotuesday #moab
94,94,527,Ranchero Taco,7 Leguas,"Denver, CO",8.4/10,0.8400000000000001,87 seconds to finish,"#tacos #tomeatingtacos #denver 
Feat. @quinningcollins @p.creature"
95,95,526,Cheesy Double Decker Taco,Taco Bell (@tacobelluk),8.1/10,8.4/10,0.8400000000000001,87 seconds to finish,"#tacos #tomeatingtacos #denver 
Feat. @quinningcollins @p.creature"
96,96,525,Duck Carnitas Taco,El Cartel,"Edinburgh, Scotland",8/10,0.8,57 seconds to finish,#tacos #tomeatingtacos #fringe #edinburgh
97,97,524,Steak and Cheese Taco,DF Tacos (@dftacosuk),"London, UK",7/10,0.7000000000000001,106 seconds to finish,#tacos #tomeatingtacos #london #food
98,98,523,Sustainable Battered Fish Taco,Wahaca (@wahaca),"London, UK",4.9/10,0.49000000000000005,54 seconds to finish,#tacos #tomeatingtacos #london
99,99,522,Pork Taco,Brennan‚Äôs Work & Leisure,St,"Louis, MO",,7.3/10. 45 seconds to finish,"#tacos #tomeatingtacos 
Feat. @griffsgram42"
100,100,521,Asada Taco,Vaya con Dillas,"St Louis, MO",6.8/10,0.679999999999999,48 seconds to finish,"#tacos #tomeatingtacos #stl 
Feat. @mcclaintrain"
101,101,520,Pulled Pork Taco,Homemade,"Beulah, MI",8.8/10,0.8800000000000001,93 seconds to finish,#tacos #tomeatingtacos #family #hotgirlsummer
102,102,519,Steak Taco,Navy Pier,"Chicago, IL",7.6/10,0.76,78 seconds to finish,"#tacos #tomeatingtacos #navypier #chicago 
Feat. @michaelskull @db5793"
103,103,518,Steak Taco,Fajitas Mexican Restaurant,"Countryside, IL",6.3/10,0.63,56 seconds to finish,#tacos #tomeatingtacos #family
104,104,517,Barbacoa Taco,Taco Joint (@eattacojoint),"Chicago, IL (Lincoln Park)",8.9/10,0.89,28 seconds to finish,#tacos #tomeatingtacos #chicago
105,105,516,Bacon Cheeseburger Taco,Beat Kitchen (@pitchforkfest),8.3/10,8.9/10,0.89,28 seconds to finish,#tacos #tomeatingtacos #chicago
106,106,515,Big & Little Fish Taco,Big & Little‚Äôs,"Chicago, IL",9/10,0.9,76 seconds to finish,"#tacos #tomeatingtacos #chicago 
Feat. @ckellas3"
107,107,514,Steak Taco,Los 3 Panchos,"Chicago, IL",7.9/10,0.79,64 seconds to finish,#tacos #tomeatingtacos #chicago
108,108,513,Avocado Taco,El Faro,"Summit, IL",8.1/10,0.809999999999999,78 seconds to finish,"#tacos #tomeatingtacos 
Feat. @cmpark78"
109,109,512,Carne Asada Taco,El Metate,"Jackson, WY",8.2/10,0.8200000000000001,54 seconds to finish,"#tacos #tomeatingtacos #thatswy #jacksonhole 
Feat. @jsack94"
110,110,511,Asada Taco,Rodolfo‚Äôs Mexican Grill,"Cheyenne, WY",8.1/10,0.809999999999999,68 seconds to finish,#tacos #tomeatingtacos #thatswy
111,111,510,Cheese Ball Cheese Brat Taco,@graceshannon house,"Denver, CO",8.65/10,0.865,242 seconds to finish,#tacos #tomeatingtacos #america
112,112,509,Ham Sandwich Taco,House,"Denver, CO",1.776/10,0.1776,98 seconds to finish,"#tacos #tomeatingtacos 
Feat. @hamsandwichgram"
113,113,508,Fish Taco,Elwood‚Äôs Shack,"Memphis, TN",9.2/10,0.919999999999999,178 seconds to finish,#tacos #tomeatingtacos #memphis #food
114,114,507,Asada Taco,El Progreso,"Atlanta, GA",8.5/10,0.85,35 seconds to finish,#tacos #tomeatingtacos #atlanta
115,115,506,El Gringo Taco,Taco Bamba,"Washington, DC",8.27/10,0.8270000000000001,128 seconds to finish,#tacos #tomeatingtacos #dc
116,116,505,Kale & Potato Taco,Chaia Tacos,"Washington, DC",8.9/10,0.89,83 seconds to finish,#tacos #tomeatingtacos #dc #government #politics
117,117,504,Asada Taco,Taqueria Diana,"New York, NY",8.2/10,0.8200000000000001,73 seconds to finish,#tacos #tomeatingtacos #nyc #food #summer
118,118,503,Mushroom üçÑ Taco,Trejo‚Äôs Tacos,"BB&T Pavilion - Camden, NJ",7.9/10,0.79,57 seconds to finish,"#tomeatingtacos #tacos #jersey 
Feat. @deadandcompany @dan_gautieri"
119,119,502,Beef Barbacoa Taco,Cosecha Cocina,"Columbus, OH",8.88/10,0.8880000000000001,58 seconds to finish,"#tacos #tomeatingtacos #ohio 
Feat. @ktburgerr @daratheexplara"
120,120,501,Puerco en Salsa Verde Taco,Taqueria El Milagro,"Chicago (Pilsen), IL",9.1/10,0.909999999999999,126 seconds to finish,"#tacos #tomeatingtacos #fathersday #chicago 
Feat. @p.creature"
121,121,500,SPECIAL 500th TACO VIDEO,Atotonilco Taco,Taqueria Atotonilco,"Chicago (Pilsen), IL",,9.36/10. 84 seconds to finish,"#tacos #tomeatingtacos #chicago 
Feat. @callahankatie"
122,122,499,Hard Shell Beef Taco,Maria‚Äôs Mexican,"Custer, SD",4.6/10,0.459999999999999,67 seconds to finish,#tacos #tomeatingtacos #southdakota
123,123,498,Hard Shell Beef Taco,Sarah‚Äôs Mexican,"Billings, MT",6.3/10,0.63,86 seconds to finish,#tacos #tomeatingtacos #montana
124,124,497,Pork Walla Walla Taco,Tacos Reynoso,"Coeur D‚ÄôAlene, ID",6.3/10,0.63,32 seconds to finish,#tacos #tomeatingtacos #idaho
125,125,496,Asada Taco,California Tacos 3,"Olympia, WA",5.4/10,0.54,43 seconds to finish,#tacos #tomeatingtacos #pnw
126,126,495,Marinated Cod Taco,Fish Tale Brewery,"Olympia, WA",6.6/10,0.659999999999999,87 seconds to finish,#tacos #tomeatingtacos #pnw
127,127,494,Oyster Taco,Robo Taco,"Portland, OR",7.1/10,0.71,56 seconds to finish,#tacos #tomeatingtacos #portland
128,128,493,Carnitas Taco,Taqueria El Trenecito,"Springfield, OR",8.8/10,0.8800000000000001,31 seconds to finish,#tacos #tomeatingtacos #oregon
129,129,492,Pork Taco,Shakedown Street,"Mountain View, CA",8.4/10,0.8400000000000001,35 seconds to finish,#tacos #tomeatingtacos @deadandcompany
130,130,491,Asada Super Taco,Taqueria La Montana,"Santa Cruz, CA",6.8/10,0.679999999999999,69 seconds to finish,#tacos #tomeatingtacos #santacruz
131,131,490,Asada Taco,Jalisco‚Äôs Restaurant,"South Lake Tahoe, CA",8.25/10,0.8250000000000001,34 seconds to finish,#tacos #tomeatingtacos #tahoe
132,132,489,Asada Taco,Glenn‚Äôs Tacos,"Independence, CA",7.9/10,0.79,37 seconds to finish,#tacos #tomeatingtacos
133,133,488,Surf & Turf Taco,Oscar‚Äôs Mexican Seafood,"San Diego, CA",9.4/10,0.9400000000000001,237 seconds to finish,#tacos #tomeatingtacos #mdw
134,134,487,Carnitas Taco,La Perla #2,"San Diego, CA",9.1/10,0.909999999999999,89 seconds to finish,#tacos #tomeatingtacos #mdw #sandiego
135,135,486,Al Pastor Taco,Tacos Por Favor,"Venice, CA",8.7/10,0.8699999999999991,69 seconds to finish,#tacos #tomeatingtacos #venice
136,136,485,Nacho Taco,Jack in the box @jackinthebox,"Mar Vista, CA",6.7/10,0.67,57 seconds to finish,#tacos #tomeatingtacos
137,137,484,Asada Taco,Los Brisas,"Hawthorne, CA",7.4/10,0.74,54 seconds to finish,#tacos #tomeatingtacos #fun
138,138,483,Salmon Taco,Made by @tommyboycallahan,"Playa Del Rey, CA",8.8/10,0.8800000000000001,78 seconds to finish,#tacos #tomeatingtacos #hat #shades #pescatarian
139,139,482,Everything Beef Taco.,Al & Bea‚Äôs Mexican Fold,"Boyle Heights, CA",8.9/10,0.89,78 seconds to finish,#tacos #tomeatingtacos #mothersday
140,140,481,Marlin Taco,Coni‚ÄôSeafood (@coniseafood),"Inglewood, CA",9.47/10,0.9470000000000001,78 seconds to finish,"#tacos #tomeatingtacos 
Feat. @scallahan1"
141,141,480,Buffalo Chicken Quesataco,HOMEMADE,"Playa Del Rey, CA",8.6/10,0.86,54 seconds to finish,#tacos #tomeatingtacos #tacotuesday #strongguys #gym #yummy #food #hat
142,142,479,Al Pastor Taco,Doty‚Äôs Tacos,"Gardena, CA",8.1/10,0.809999999999999,32 seconds to finish,#tacos #tomeatingtacos #cincodemayo
143,143,478,Pork & Bean Taco,Chez Tom,"Playa Del Rey, CA",8.1/10,0.809999999999999,46 seconds to finish,#tacos #tomeatingtacos #yum #health #gym #strongguys
144,144,477,Falafel Taco,Fala Bar,"West Hollywood, CA",6.8/10,0.679999999999999,48 seconds to finish,#tacos #tomeatingtacos #vegan #hollywood #food
145,145,476,Asada Taco,Tacos Los Toritos,"Las Vegas, NV",7.3/10,0.73,36 seconds to finish,#tacos #tomeatingtacos #vegas
146,146,475,Spicy Nacho Taco,Taco Bell Cantina (@tacobell),"Las Vegas, NV",7.1/10,0.71,93 seconds to finish,#tacos #tomeatingtacos #vegas #food #money
147,147,474,Tripa Taco,Tacos El Gordo (@tacoselgordo_ ),"Las Vegas, NV",9.3/10,0.93,46 seconds to finish,#tacos #tomeatingtacos #vegas
148,148,473,Buche Taco,Pepe‚Äôs Tacos,"Mar Vista, CA",7.6/10,0.76,56 seconds to finish,"#tacos #tomeatingtacos 
Feat. My Aunt Colleen and her friends!!"
149,149,472,Cous Cous/ Macaroni Salad Taco,Homemade,"Playa Del Rey, CA",6.8999/10,0.6899900000000001,54 seconds to finish,#tacos #tomeatingtacos #hat #day #hatday
150,150,471,Al Pastor Quesotaco,Pablito‚Äôs Tacos (@pablitostacos),8.9/10,6.8999/10,0.6899900000000001,54 seconds to finish,#tacos #tomeatingtacos #hat #day #hatday
151,151,470,Texas Taco,Se√±or G‚Äôs Fresh & Healthy Mexican Food,"Playa Del Rey, CA",7.6/10,0.76,76 seconds to finish,#tacos #tomeatingtacos #coachella #healthyfood
152,152,469,Chorizo Taco,Taco stand on Clinton and Virgil,"Silver Lake, CA",8.5/10,0.85,24 seconds to finish,"#tacos #tomeatingtacos #masters #gameofthrones 
Feat. @quinn.garrett"
153,153,468,Hard Ground Beef Taco,El Burrito Jr,"Redondo Beach, CA",8.45/10,0.845,76 seconds to finish,"#tacos #tomeatingtacos #coachella 
Feat. @rrigo312"
154,154,467,Philly Cheese Taco,The Venice Whaler,"Venice , CA",9.39/10,0.9390000000000001,56 seconds to finish,#tacos #tomeatingtacos #venice #beach
155,155,466,Shrimp Taco,The Venice Whaler,"Venice, CA",8.7/10,0.8699999999999991,47 seconds to finish,#tacos #tomeatingtacos #venice #beach
156,156,465,Asada Taco,Divas Tacos,"Valley Glen, CA",7.6/10,0.76,27 seconds to finish,"#tacos  #tomeatingtacos #valley 
Feat. @quinn.garrett"
157,157,464,Chicken Taco,Whole Foods Street Guys,"Venice, CA",8.1/10,0.809999999999999,32 seconds to finish,#tacos #tomeatingtacos #venice
158,158,463,Taco de camarron,Mariscos Jaliscos @mariscosjalisco,"Boyle Heights, CA",9.46/10,0.9460000000000001,72 seconds to finish,"#tacos #tomeatingtacos 
Feat. @lisavcallahan"
159,159,462,Breakfast Taco,"Homemade by the Callahan‚Äôs! Playa Del Rey, CA",9.34/10,9.46/10,0.9460000000000001,72 seconds to finish,"#tacos #tomeatingtacos 
Feat. @lisavcallahan"
160,160,461,Blackened Fish Taco,Patrick Molloy‚Äôs (@patrickmolloys),"Hermosa Beach, CA",8.78/10,0.8779999999999991,73 seconds to finish,"#tacos #tomeatingtacos #food #beach 
Feat. @maaggieejaayyy"
161,161,460,"Pork Belly, Egg, Avocado Taco",Peached Tortilla - Austin Airport,"Austin, TX",7.2/10,0.72,58 seconds to finish,#tacos #tomeatingtacos #food #breakfast
162,162,459,Turkey Taco,Made by @styleswithange,"Austin, TX",8.8/10,0.8800000000000001,68 seconds to finish,#tacos #tomeatingtacos #austin
163,163,458,Al Pastor Taco,Pueblo Viejo,"Austin, TX",7.8/10,0.78,99 seconds to finish,#tacos #tomeatingtacos #austin #hot
164,164,457,Puerca Roja Taco,The Smokin‚Äô Rose Taco Joint (@thesmokinrosetacojoint),"Austin, TX",9.79/10,0.9789999999999991,76 seconds to finish,#tacos #tomeatingtacos #austin #food #yum #tums
165,165,456,Don Juan El Grande Taco,Juan in a Million,"Austin, TX",8.67/10,0.867,109 seconds to finish,#tacos #tomeatingtacos #austin #breakfast
166,166,455,Ranchero Taco,Granny‚Äôs Tacos,"Austin, TX",9.27/10,0.926999999999999,78 seconds to finish,#tacos #tomeatingtacos #texas #breakfast
167,167,454,Al Pastor Taco,TacoWey,"Austin, TX",6.9/10,0.6900000000000001,79 seconds to finish,#tacos #tomeatingtacos #austin
168,168,453,Buffalo Chicken Taco,Chef @tommyboycallahan,"Playa Del Rey, CA",8.87/10,0.8869999999999991,59 seconds to finish,#tacos #tomeatingtacos #helmet #birthday @whiskey.a.joho
169,169,452,Cheez-It Avocado Taco,@quinningcollins home,"Denver, CO",4.6/10,0.459999999999999,47 seconds to finish,#tacos #tomeatingtacos #denver
170,170,451,Beef and Chicken Taco,Quinn‚Äôs Crib (@quinningcollins),"Denver, CO",7.6/10,0.76,(cold). 148 seconds to finish,#tacos #tomeatingtacos
171,171,450,Steak Queso Taco,Homemade by @dan_gautieri and I,"Breckenridge, CO",9.34/10,0.933999999999999,48 seconds to finish,#tacos #tomeatingtacos #shredded
172,172,449,Korean Pork Taco,Mezcal,"Denver, CO",7.9/10,0.79,39 seconds to finish,#tacos #tomeatingtacos #denver
173,173,448,Asada Taco,Pepe‚Äôs Tacos,"Los Angeles, CA",7.1/10,0.71,35 seconds to finish,#tacos #tomeatingtacos #tacotuesday
174,174,447,Adobada Taco,Tacos 1986 (@tacos1986la) @smorgasburgla,"Los Angeles, CA",9.49/10,0.9490000000000001,59 seconds to finish,"#tacos #tomeatingtacos #smorgasburg 
Feat. @griffsgram42"
175,175,446,Corned Beef and Cabbage Taco,Homemade,"Playa Del Rey, CA",7.1/10,0.71,36 seconds to finish,#tacos #tomeatingtacos #stpatricksday #irish #food
176,176,445,Beef Taco,World Famous Oki Dog,"West Hollywood, CA",6.8/10,0.679999999999999,48 seconds to finish,#tacos #tomeatingtacos #hot #dog #tacotuesday #yummy
177,177,444,The Jimboy Taco,Jimboy‚Äôs Tacos (@jimboystacos),"Anaheim, CA",8.9/10,0.89,39 seconds to finish,#tacos #tomeatingtacos #disney
178,178,443,Breakfast Taco,Joshua Tree Saloon,"Joshua Tree, CA",7.3/10,0.73,47 seconds to finish,#tacos #tomeatingtacos #joshuatree
179,179,442,Tripas Taco,Taqueria 2 Potrillos,"Corona, CA",9.26/10,0.925999999999999,39 seconds to finish,#tacos #tomeatingtacos
180,180,441,Pasta and Sausage Taco,Chez Tom,"Playa Del Rey, CA",4.9/10,0.49000000000000005,36 seconds to finish,#tacos #tomeatingtacos #pasta #homemade
181,181,440,Adobada Taco,Baja Rosarito,"Inglewood, CA",8.1/10,0.809999999999999,47 seconds to finish,#tacos #tomeatingtacos #tacotuesday #mardigras #food
182,182,439,Carnitas Taco,Taqueria Santa Cruz,"Santa Cruz, CA",8.68/10,0.868,47 seconds to finish,"#tacos #tomeatingtacos 
Feat. @a_dunear"
183,183,438,Pulled Pork Taco,Tom,"Playa Del Rey, CA",8.92/10,0.892,38 seconds to finish,#tacos #tomeatingtacos
184,184,437,Pork Taco,"ALL THE WAY HOMEMADE BABY! Playa Del Rey, CA",9.32/10,8.92/10,0.892,38 seconds to finish,#tacos #tomeatingtacos
185,185,436,Asada Taco,Oaxaca on Wheels Food Truck,"Los Angeles, CA",6.8/10,0.679999999999999,49 seconds to finish,#tacos #tomeatingtacos #tacotuesday
186,186,435,Carnitas Taco,Taqueria El Farolito,"San Francisco, CA",8.9/10,0.89,78 seconds to finish,"#tacos #tomeatingtacos 
Feat. @jdpizzacookies"
187,187,434,Crispy Brisket Taco,El Molino Central (@elmolinocentral),"Sonoma, CA",9.27/10,0.926999999999999,79 seconds to finish,#tacos #tomeatingtacos
188,188,433,Pizza Taco,Red Baron,"Playa Del Rey, CA",8.3/10,0.8300000000000001,690 seconds to finish,#tacos #tomeatingtacos #pizza #valentine #love #cleaneating
189,189,432,Ground beef taco,Chef Tom,"Playa Del Rey, CA",8.56/10,0.8560000000000001,94 seconds to finish,#tacos #tomeatingtacos
190,190,431,Carnitas Taco Dorados,Taqueria Sanchez,"Los Angeles, CA",8.68/10,0.868,61 seconds to finish,#tacos #tomeatingtacos #losangeles #food
191,191,430,Tulum Taco,Tocaya Organica,"West Hollywood, CA",7.3/10,0.73,57 seconds to finish,"#tacos #tomeatingtacos 
Feat. @quinn.garrett @caragreenspan"
192,192,429,Chunky Beef Taco,El Burrito Jr,"Redondo Beach, CA",8.74/10,0.874,83 seconds to finish,#tacos #tomeatingtacos
193,193,428,Buffalo Chicken Taco,I fuckin made this,"Playa Del Rey, CA",9.42/10,0.9420000000000001,47 seconds to finish,"#tacos #tomeatingtacos 
Feat. @tesscastro"
194,194,427,Super Bowl Al Pastor Taco,Made by People,"Hollywood, CA",9.33/10,0.933,53 seconds to finish,#tacos #tomeatingtacos #Super Bowl
195,195,426,Tofu Pad Thai Taco,Me,"Playa Del Rey, CA",6.9/10,0.6900000000000001,34 seconds to finish,#tacos #tomeatingtacos
196,196,425,Grilled Shrimp Taco,Mariscos El Guero,"Los Angeles, CA",8.2/10,0.8200000000000001,37 seconds to finish,#tacos #tomeatingtacos #losangeles
197,197,424,"Chicken, bean, kale Taco",I made this,"Playa Del Rey, CA",7.3/10,0.73,67 seconds to finish,#tacos #tomeatingtacos #puppies #chill
198,198,423,Spicy Potato Taco,Taco Bell (@tacobell),"Westchester, CA",6.1/10,0.61,(so sorry @tacobell ). 56 seconds to finish,#tacos #tomeatingtacos
199,199,422,Al Pastor Taco,Leo‚Äôs Taco Truck (@leostacostruck),"Los Angeles, CA",9.36/10,0.935999999999999,38 seconds to finish,"#tacos #tomeatingtacos #losangeles 
Feat. @ericjpowers @rrdaily"
200,200,421,Carnitas Taco,Rico‚Äôs Tacos El Tio,"Inglewood, CA",8.45/10,0.845,49 seconds to finish,#tacos #tomeatingtacos
201,201,420,Asada Taco,Taco Sinaloa,"Torrance, CA",7.9/10,0.79,34 seconds to finish,#tacos #tomeatingtacos
202,202,419,Turkey Quesataco,Homemade,"Playa Del Rey, CA",8.6/10,0.86,28 seconds to finish,#tacos #tomeatingtacos #homemade #turkey #gobblegobble
203,203,418,White Fish Taco,The Warehouse,"Marina Del Rey, CA",9.1/10,0.909999999999999,132 seconds to finish,#tacos #tomeatingtacos #food
204,204,417,House Taco,Tacos Chukis,"Seattle, WA",9.1/10,0.909999999999999,39 seconds to finish,#tacos #tomeatingtacos
205,205,416,Asada Taco,Flair Taco,"Seattle, WA",8.38/10,0.8380000000000001,29 seconds to finish,#tacos #tomeatingtacos
206,206,415,Asada Taco,El Camion,"Seattle,WA",8.1/10,0.809999999999999,49 seconds to finish,"#tacos #tomeatingtacos 
Feat. @highontacos_"
207,207,414,Pato(duck) Taco,El Borracho,"Seattle, WA",8.43/10,0.843,39 seconds to finish,#tacos #tomeatingtacos
208,208,413,Chicken Taco,La Tortilleria (Granville Island Public Market),"Vancouver, British Columbia",5.1/10,0.51,48 seconds to finish,#tacostomeatingtacos #2018
209,209,412,Capo Taco (Prawn),La Taqueria (@lataqueria),"Vancouver, British Columbia",9.2/10,0.919999999999999,99 seconds to finish,#tacos #tomeatingtacos #canada #vancouver
210,210,411,Crispy Cod Taco,The Fish Counter,"Vancouver, British Columbia, Canada",8.76/10,0.876,104 seconds to finish,#tacos #tomeatingtacos #canada #eh
211,211,410,Carnitas Taco,Carnitas Don Alfredo,"Melrose Park, IL",9.1/10,0.909999999999999,49 seconds to finish,"#tacos #tomeatingtacos #chicago
Feat. @tapia288 @westlawnblog"
212,212,409,Pulled Pork Taco,Iraz√∫,"Chicago, IL (Wicker Park)",8.38/10,0.8380000000000001,49 seconds to finish,#tacos #tomeatingtacos #chicago
213,213,408,Steak Taco,El Faro,"Summit, IL",8.45/10,0.845,106 seconds to finish,#tacos #tomeatingtacos #chicago
214,214,407,Mini Ravioli Taco,Homemade,"Playa Del Rey, CA",6.5/10,0.65,38 seconds to finish,#tacos #tomeatingtacos #ravioliholycanoli
215,215,406,Frijols Taco,La Salsa,"Alameda Swap Meet, South LA, CA",6.1/10,0.61,26 seconds to finish,#tacos #tomeatingtacos #tacotuesday
216,216,405,Al Pastor Taco,Tacos Guadalajara,"Alameda Swap Meet - South LA, CA",8.1/10,0.809999999999999,32 seconds to finish,#tacos #tomeatingtacos
217,217,404,Huevo Con Jamon Taco,2001 Dodge Durango,"Alameda Swap Meet - South LA, CA",7.1/10,0.71,84 seconds to finish,#tacos #tomeatingtacos
218,218,403,Fish Taco,Baja Sharkeez,"Hermosa Beach, CA",6.1/10,0.61,29 seconds to finish,#tacos #tomeatingtacos #beach
219,219,402,Suadero Taco,Venice street cart,"Venice, CA",8.8/10,0.8800000000000001,18 seconds to finish,"#tacos #tomeatingtacos 
Feat. @c_nelligan @michaelskull"
220,220,401,Cabeza Taco,Chiqui‚Äôs Tacos,"Hollywood, CA",8.8/10,0.8800000000000001,19 seconds to finish,#tacos #tomeatingtacos #hollywood
221,221,400,Salmon Taco,Me,"Playa Del Rey, CA",7.5/10,0.75,27 seconds to finish,#tacos #tomeatingtacos #tacotuesday #fish #vegetarian
222,222,399,Steak Kabob Taco,Mid East Tacos @smorgasburgla ,"Downtown Los Angeles, CA",8.9/10,0.89,38 seconds to finish,"#tacos #tomeatingtacos 
Feat. @ariii_goldd @whiskey.a.joho"
223,223,398,Barbacoa Taco,Benny‚Äôs Tacos,"Westchester, CA",7.9/10,0.79,49 seconds to finish,#tacos #tomeatingtacos #december
224,224,397,Al Pastor Taco,Pupusas Rita,"Westchester, CA",6.7/10,0.67,32 seconds to finish,#tacos #tomeatingtacos #books #farmersmarket
225,225,396,Carnitas Taco,Taqueria Luis Manuel,"Ensenada, Mexico",9.1/10,0.909999999999999,28 seconds to finish,#tacos #tomeatinngtaco #mexico
226,226,395,Suckling Pig Taco,Casa Frida,"Ensenada, Mexico",9.67/10,0.967,47 seconds to finish,"#tacos #tomeatingtacos #wine #mexico 
Guest bite by Bo!"
227,227,394,Lobster Taco,Dmytri‚Äôs La Fonda,"La Fonda, Baja California, Mexico",9.19/10,0.918999999999999,49 seconds to finish,#tacos #tomeatingtacos #lobster #thanksgiving
228,228,393,Shrimp Taco,Tacos El Chente,"Ensenada, Baja California, Mexico",8.1/10,0.809999999999999,49 seconds to finish,#tacos #tomeatingtacos #mexico #thanksgiving
229,229,392,Fish Taco,La Perla,"San Diego (Pacific Beach), CA",9.37/10,0.9369999999999991,79 seconds to finish,"#tacos #tomeatingtacos 
Feat. @scallahan1 
First Ever Guest Bite by @lisavcallahan #thanksgiving #sandiego"
230,230,391,Ham Taco,@hamsandwichgram,"Playa Del Rey, CA",6.4/10,0.64,26 seconds to finish,#tacos #tomeatingtacos #ham #collab #ad
231,231,390,Barbacoa Taco,Los Tacos de Huicho,"Bakersfield, CA",8.28/10,0.8280000000000001,27 seconds to finish,#tacos #tomeatingtacos #food
232,232,389,Asada Taco,El Abeje√±o,"Culver City, CA",8.67/10,0.867,41 seconds to finish,#tacos #tomeatingtacos
233,233,388,Carne de Res Taco,Homemade,"Playa Del Rey, CA",8.92/10,0.892,32 seconds to finish,"#tacos #tomeatingtacos 
Feat. @tinasette"
234,234,387,Asada Taco,Tire Shop Taqueria,"South Central Los Angeles, CA",9/10,0.9,24 seconds to finish,#tacos #tomeatingtacos
235,235,386,Hard Shell Asada Taco,Tacos Por Favor,"Venice, CA",8.8/10,0.8800000000000001,58 seconds to finish,"#tacos #tomeatingtacos #venice 
Feat. @quinningcollins"
236,236,385,Asada Taco,Sidewalk Cart Outside @wholefoods,"Venice, CA",9.1/10,0.909999999999999,27 seconds to finish,"#tacos #tomeatingtacos #venice
Feat. @quinningcollins"
237,237,384,Al Pastor Taco,Tacos El Junior #1,"Mar Vista, CA",8.1/10,0.809999999999999,25 seconds to finish,#tacos #tomeatingtacos #food
238,238,383,Asada Taco,Don Chuy‚Äôs,"Los Angeles, CA",5.8/10,0.58,18 seconds to finish,#tacos #tomeatingtacos #tacotuesday
239,239,382,Al Pastor Taco,Cart outside Whole Foods,"Venice, CA",9.4/10,0.9400000000000001,34 seconds to finish,"#tacos #tomeatingtacos #venice
Feat. @c_cuff30"
240,240,381,Steak Teriyaki Taco,Go Fusion Taco,"Pomona, CA",8.1/10,0.809999999999999,48 seconds to finish,"#tacos #tomeatingtacos #beercircus 
Feat. @scallahan1"
241,241,380,Asada Taco,La Victoria Taqueria,"Whittier, CA",8.6/10,0.86,51 seconds to finish,#tacos #tomeatingtacos
242,242,379,Squash Taco,Jessy‚Äôs Tacos Cart,"Culver City West (ü§∑üèª‚Äç‚ôÇÔ∏è), CA",7.9/10,0.79,47 seconds to finish,"#tacos #tomeatingtacos #squash 
Feat. @tesscastro"
243,243,378,Roasted Cauliflower & Mushroom Taco,Sharky‚Äôs Woodfired Mexican Grill,"Marina Del Rey, CA",8.1/10,0.809999999999999,37 seconds to finish,#tacos #tomeatingtacos #vegan
244,244,377,Crunchy Shrimp Taco,Wacky Shrimp (@wackyshrimp),"Inglewood, CA",9.36/10,0.935999999999999,49 seconds to finish,#tacos #tomeatingtacos #tacotuesday #dodgers
245,245,376,Beef Chimi Chimi Paratha,Tac N Roll,"New York, NY (East Village)",9.5/10,0.9500000000000001,79 seconds to finish,#tacos #tomeatingtacos #nyc
246,246,375,Al Pastor Taco,El Diablito Taqueria,"New York, NY (East Village)",8.18/10,0.8180000000000001,27 seconds to finish,#tacos #tomeatingtacos #nyc
247,247,374,Barbacoa Taco,Oaxaca Taqueria,"New York, NY (Murray Hill)",8.7/10,0.8699999999999991,32 seconds to finish,#tacos #tomeatingtacos #nyc
248,248,373,Philly Taco (@jimssouthstreet cheesesteak wrapped in Lorenzo‚Äôs Pizza),Jim‚Äôs Steaks South Street,"Philadelphia, PA",9.46/10,0.9460000000000001,592 seconds to finish,"#tacos #tomeatingtacos 
Feat. @c_cuff30"
249,249,372,Al Pastor Taco,Ticos Tacos,"Philadelphia, PA",8.6/10,0.86,45 seconds to finish,"#tacos #tomeatingtacos #philly 
Feat. @c_cuff30 @hbong41"
250,250,371,Choco Taco,Klondike,"Playa Del Rey, CA",9.99/10,0.999,136 seconds to finish,"#tacos #tomeatingtacos #hollywoodtacocrawl 
Feat. @rrigo312"
251,251,370,Buche Taco,Leo‚Äôs Taco Truck (@leostacostruck),"(Mid City) Los Angeles, CA",8.9/10,0.89,25 seconds to finish,#tacos #tomeatingtacos #hollywoodtacocrawl
252,252,369,Ground Beef Taco Dorados,Baja Beach Bar,"Hollywood, CA",7.3/10,0.73,69 seconds to finish,#tacos #tomeatingtacos #hollywoodtacocrawl
253,253,368,Chipotle Fish Taco,Calle Tacos,"Hollywood, CA",9.46/10,0.9460000000000001,76 seconds to finish,#tacos #tomeatingtacos #hollywoodtacocrawl
254,254,367,Carnitas Taco,Dos Burritos,"Hollywood, CA",7.8/10,0.78,36 seconds to finish,#tacos #tomeatingtacos #hollywoodtacocrawl
255,255,366,Fried Chicken Taco,Trejo‚Äôs Cantina,"Hollywood, CA",9.17/10,0.917,49 seconds to finish,#tacos #tomeatingtacos #hollywoodtacocrawl
256,256,365,Barrio Style Taco,Tocaya Organico,"Hollywood, CA",9.3/10,0.93,31 seconds to finish,#tacos #tomeatingtacos #hollywoodtacocrawl
257,257,364,Jalape√±o Pulled Pork Taco,"Me, Bitch","Playa Del Rey, CA",7.4/10,0.74,34 seconds to finish,#tacos #tomeatingtacos #weed
258,258,363,Buche Taco,Outside Mitsuwa,"Mar Vista, CA",9.34/10,0.933999999999999,29 seconds to finish,#tacos #tomeatingtacos #la
259,259,362,Dr,Pepper BBQ Pork Taco,Crock Pot,"Playa Del Rey, CA",,8.3/10. 31 seconds to finish,#tacos #tomeatingtacos
260,260,361,PBQ Pastor BBQ,Komodo,"Venice, CA",9.2/10,0.919999999999999,34 seconds to finish,"#tacos #tomeatingtacos #venice #food
Feat. @kmcelduff"
261,261,360,Carnitas Taco,Pinches Tacos (@pinches_tacos),"West Hollywood, CA",9.03/10,0.902999999999999,49 seconds to finish,#tacos #tomeatingtacos #tacofam #hollywood
262,262,359,Asada Taco,El Charro Restaurant,"Mar Vista, CA",6.6/10,0.659999999999999,38 seconds to finish,#tacos #tomeatingtacos #tacofam #nationaltacoday
263,263,358,Asada Taco,Baja Rosarito,"Inglewood, CA",9.39/10,0.9390000000000001,26 seconds to finish,#tacos #tomeatingtacos
264,264,357,Chicken Goldfish Taco,My Apartment,"Playa Del Rey, CA",7.9/10,0.79,51 seconds to finish,#tacos #tomeatingtacos #playadelrey
265,265,356,Carnitas Taco,Leo‚Äôs Taco Truck (@leostacostruck),"Los Angeles, CA",8.7/10,0.8699999999999991,28 seconds to finish,"#tacos #tomeatingtacos 
Feat. @air_brisket"
266,266,355,Fish Taco,Malibu Seafood,"Malibu, CA",9.2/10,0.919999999999999,89 seconds to finish,"#tacos #tomeatingtacos @malibuseafood 
Feat. @tesscastro @seajorda"
267,267,354,Al Pastor Taco,King Taco,"Downtown Los Angeles, CA",6.8/10,0.679999999999999,27 seconds to finish,#tacos #tomeatingtacos
268,268,353,Asada Taco,Taqueria Jalos,"Willits, CA",7.9/10,0.79,39 seconds to finish,#tacos #tomeatingtacos
269,269,352,Carnitas Taco,Taqueria Mendocino,"Mendocino, CA",8.83/10,0.883,46 seconds to finish,#tacos #tomeatingtacos
270,270,351,Beef Taco,OB‚Äôs Grill & Bar,"Manhattan Beach, CA",8.6/10,0.86,176 seconds to finish,"#tacos #tomeatingtacos #tacofam #manhattan #manhattanbeach 
Feat. @timolesnavage"
271,271,350,Carnitas Taco,Cinco,"Westchester, CA",8.5/10,0.85,19 seconds to finish,"#tacos #tomeatingtacos 
Feat. @whiskey.a.joho"
272,272,349,Steak Cantina Taco,Cabo Cantina (@cabocantina),"Venice, CA",6.9/10,0.6900000000000001,57 seconds to finish,"#tacos #tomeatingtacos #tacofam 
Feat. @kaitlinbrophy"
273,273,348,Carne Asada Taco with Cheese,The Great White Hut (@thegreatwhitehut),"Glendale, CA",7.6/10,0.76,49 seconds to finish,#tacos #tomeatingtacos #tacofam
274,274,347,Carnitas Taco with Cheese,Taqueria El Tapatio,"Glendale, CA",9.1/10,0.909999999999999,29 seconds to finish,#tacos #tomeatingtacos #tacofam
275,275,346,Chicken Sausage Taco,Homemade with @whiskey.a.joho,"Playa Del Rey, CA",7.9/10,0.79,51 seconds to finish,#tacos #tomeatingtacos #tacofam #breakfast
276,276,345,Fish Taco,Venice Fish Taco,"Venice Beach, CA",6.8/10,0.679999999999999,48 seconds to finish,#tacos #tomeatinngtacos #tacofam
277,277,344,Fish Taco,El Puerto Escondido,"Inglewood, CA",7.6/10,0.76,49 seconds to finish,"#tacos #tomeatingtacos #tacofam @mariscoselpuertoescondido 
Feat. @petebro @shmichael__"
278,278,343,Chicken Taco,My Apartment,"Playa Del Rey, CA",8.69/10,0.869,28 seconds to finish,#tacos #tomeatingtacos #tacofam #losangeles
279,279,342,Asada Taco,La Fonda of Inglewood,"Inglewood, CA",8.8/10,0.8800000000000001,36 seconds to finish,#tacos #tomeatingtacos #tacofam
280,280,341,Asada Taco,Pancho‚Äôs Tacos,"Santa Monica, CA",8.6/10,0.86,29 seconds to finish,"#tacos #tomeatingtacos #tacofam
Feat. @callahankatie"
281,281,340,@tysonfoods Buffalo Chicken Strip Taco,Home,"Playa Del Rey, CA",8.57/10,0.857,38 seconds to finish,#tacos #tomeatingtacos #tacofam
282,282,339,Adobado Taco,Tacos El Poblano,"Primo Tapia, Baja California, Mexico",9.56/10,0.9560000000000001,21 seconds to finish,#tacos #tomeatigtacos
283,283,338,"Lobster, shrimp, bacon, roast beef Taco",Dmytri‚Äôs La Fonda,"La Fonda, Baja California, Mexico",9.29/10,0.928999999999999,102 seconds to finish,#tacos #tomeatingtacos #mexico
284,284,337,Adobada Taco,Tacos Primo Tapia,"Primo Tapia, Baja California, Mexico",9.6/10,0.96,19 seconds to finish,#tacos #tomeatingtacos
285,285,336,Pescado Taco,Some Lady‚Äôs Kitchen,"Roasarito - Puerto Nuevo, Mexico",9.52/10,0.9520000000000001,204 seconds to finish,#tacos #tomeatingtacos #mexico
286,286,335,Asada Taco,"Tacos El Gordo @tacoselgordo_  Chula Vista, CA",9.48/10,9.52/10,0.9520000000000001,204 seconds to finish,#tacos #tomeatingtacos #mexico
287,287,334,Asada Taco,Bourbon Street Fish,"Inglewood, CA",6.7/10,0.67,29 seconds to finish,"#tacos #tomeatingtacos #smashingpumpkins
Shirt by @highontacos_"
288,288,333,Crispy Taco,Burger King (@burgerking),"Los Angeles, CA",4.1/10,0.41000000000000003,49 seconds to finish,#tacos #tomeatingtacos #burger #king
289,289,332,Chicken Taco,Tom,"Playa Del Rey, CA",8.1/10,0.809999999999999,37 seconds to finish,#tacos #tacotuesday #tomeatingtacos
290,290,331,Breakfast Taco,Benny‚Äôs Tacos,6/10,8.1/10,0.809999999999999,37 seconds to finish,#tacos #tacotuesday #tomeatingtacos
291,291,330,Al Pastor Taco,My Apartment,"Playa Del Rey, CA",9.14/10,0.914,27 seconds to finish,#tacos #tomeatingtacos
292,292,329,Asada Taco,El Taco Toro,"Culver City, CA",8.87/10,0.8869999999999991,21 seconds to finish,#tacos #tacotuesday #tomeatingtacos
293,293,328,Al Pastor Taco,Sunday Porch Club HQ,"Countryside, IL",9.3/10,0.93,64 seconds to finish,"#tacos #tomeatingtacos 
Feat. @kevin_cal @michaelskull"
294,294,327,Steak Taco,Dog House Grill,"Chicago, IL",6.2/10,0.62,78 seconds to finish,"#tacos #tomeatingtacos 
Feat. @caseyoconnell @maaggieejaayyy"
295,295,326,Al Pastor Taco,Brother‚Äôs Mexican Grill (Formerly Dino‚Äôs),"LaGrange, IL",7.4/10,0.74,58 seconds to finish,"#tacos #tomeatingtacos 
Feat. @maaggieejaayyy"
296,296,325,Asada Taco,Jalisco Express,"Cicero, IL",8.8/10,0.8800000000000001,38 seconds to finish,"#tacos #tomeatingtacos #food #chicago 
Feat. @lisavcallahan 
@jaliscoexpress"
297,297,324,Steak Street Taco,Hacienda Playa,"Playa Del Rey, CA",7.6/10,0.76,25 seconds to finish,"#tacos #tomeatingtacos #tacotuesday #playadelrey 
Feat. @whiskey.a.joho"
298,298,323,Tripas Taco,Tacos Mexico,"Los Angeles(Rampart Village), CA",8.8/10,0.8800000000000001,36 seconds to finish,#tacos #tomeatingtacos #tripas
299,299,322,Asada Taco,El Rinconcito,"East Hollywood, CA",8.4/10,0.8400000000000001,17 seconds to finish,#tacos #tomeatingtacos #hollywood #food #saturday
300,300,321,Carnitas Taco,El Oaxaca Taqueria,"Inglewood, CA",8.9/10,0.89,21 seconds to finish,#tacos #tomeatingtacos #food
301,301,320,Al Pastor Taco,El Flamin Taco Truck,"Hollywood, CA",9.2/10,0.919999999999999,19 seconds to finish,"#tacos #tomeatingtacos #hollywood 
Feat. Matt Carey"
302,302,319,Tripas Taco,Leo‚Äôs Taco Truck (@leostacostruck),"Los Angeles, CA",9.2/10,0.919999999999999,14 seconds to finish,#tacos #tomeatingtacos #losangeles #food
303,303,318,"Jason Taco (Steak, Egg, Cheese)",Se√±or G‚Äôs,"Playa Del Rey, CA",9.3/10,0.93,93 seconds to finish,#tacos #tomeatingtacos #playadelrey
304,304,317,Asada Taco,Shinola Tacos (cart),"Mar Vista, CA",9.1/10,0.909999999999999,17 seconds to finish,#tacos #tomeatingtacos
305,305,316,Shrimp Taco,La Playita (@la_playita),"Santa Monica, CA",9/10,0.9,41 seconds to finish,#tacos #tomeatingtacos #santamonica
306,306,315,Tripas Taco,Taqueria Guadalupana,"Westchester, CA",9.3/10,0.93,39 seconds to finish,"#tacos #tomeatingtacos 
Feat. @pdelaney33"
307,307,314,Turkey and Quinoa Taco,Home,"Playa Del Rey, CA",6.5/10,0.65,59 seconds to finish,#tacos #tomeatingtacos
308,308,313,Chicken Taco,Fabric Staffing (@fabricstaffing),"Marina Del Rey, CA",8.15/10,0.8150000000000001,28 seconds to finish,#tacos #tomeatingtacos #food #losangeles
309,309,312,Carne Asada Taco,Adelberto‚Äôs,"San Diego, CA",7.9/10,0.79,89 seconds to finish,#tacos #tomeatingtacos
310,310,311,Asada Taco,Taco Surf,"San Diego, CA",9.1/10,0.909999999999999,56 seconds to finish,#tacos #tomeatingtacos
311,311,310,Carne Asada Taco,La Perla,"San Diego, CA",9.5/10,0.9500000000000001,78 seconds to finish,#tacos #tomeatingtacos #steak #food #sandiego
312,312,309,Battered Fish Taco,Oscar‚Äôs Mexican Food,"San Diego, CA",9.4/10,0.9400000000000001,47 seconds to finish,#tacos #tomeatingtacos #fish #sandiego
313,313,308,Carne Asada Taco,Tacos Mimi,"San Diego, CA",9.2/10,0.919999999999999,32 seconds to finish,#tacos #tomeatingtacos #sandiego #comiccon
314,314,307,Adobada Taco,Tacos El Gordo (@tacoselgordo_),"Chula Vista, CA",9.47/10,0.9470000000000001,38 seconds to finish,"#tacos #tomeatingtacos 
Feat. @thebigsportsguy @audreystewisart"
315,315,306,Chorizo Taco,Homemade by @tommyboycallahan,"Playa Del Rey, CA",8.01/10,0.800999999999999,38 seconds to finish,#tacos #tomeatingtacos #homemade #chorizo
316,316,305,Root Beer Beef Taco,Marinate (@marinateyourlife),"Hollywood, CA",8.6/10,0.86,47 seconds to finish,#tacos #tacotuesday #tomeatingtacos #hollywood
317,317,304,Cheddar Ground Turkey Taco,Homemade,"Playa Del Rey, CA",8.2/10,0.8200000000000001,45 seconds to finish,#tacos #tomeatingtacos #yummy #food #turkey #playadelrey
318,318,303,Chicken Taco,La Casita (Denver Airport),"Denver, CO",7.8/10,0.78,69 seconds to finish,#tacos #tomeatingtacos #food #denver #colorado
319,319,302,Carnitas Taco,La Choza,"Boulder, CO",8.8/10,0.8800000000000001,28 seconds to finish,#tacos #tomeatingtacos #food #boulder
320,320,301,Lobster Taco (fell apart),Tacos Tequila Whiskey (Pinche),"Denver, CO",8.6/10,0.86,26 seconds to finish,#tacos #tomeatingtacos #lobster #denver
321,321,300,Tripa Taco,Taqueria La Familia,"Denver, CO",8.3/10,0.8300000000000001,18 seconds to finish,#tacos #tomeatingtacos #food
322,322,299,Asada Taco,Patzcuaro‚Äôs,"Denver, CO",7.7/10,0.77,34 seconds to finish,"#tacos #tomeatingtacos #denver #high 
@patzcuaros 
Feat. @grandpa_2015"
323,323,298,Al Pastor Taco,Tacos Escondido,"Westchester, CA",8.4/10,0.8400000000000001,21 seconds to finish,"#tacos #tomeatingtacos #tacotuesday #food #losangeles #foodtruck 
Shirt by @highontacos_"
324,324,297,Al Pastor Taco,Mariella‚Äôs Tacos,"Westchester,CA",7.6/10,0.76,29 seconds to finish,"#tacos #tomeatingtacos #tacotuesday @mariellas_tacoslax 
Shirt by @highontacos_"
325,325,296,Carnitas Taco,Tacos El Limonsito,"Inglewoood, CA",7.8/10,0.78,28 seconds to finish,#tacos #tomeatingtacos #food
326,326,295,Al Pastor Taco,Street Cart,"Van Nuys, CA",9.1/10,0.909999999999999,38 seconds to finish,#tacos #tomeatingtacos
327,327,294,Al Pastor Taco,Tacos El Venado,"North Hollywood, CA",9.5/10,0.9500000000000001,26 seconds to finish,"#tacos #tomeatingtacos #tacotuesday #hollywood 
@tacoselvenado"
328,328,293,Carnitas Taco,El Rancherito,"Van Nuys, CA",8.6/10,0.86,27 seconds to finish,"#tacos #tomeatingtacos 
Feat. @quinn.garrett 
@elrancherito_"
329,329,292,Asada Taco,Tacos Palacios,"Toluca Lake, CA",8/10,0.8,24 seconds to finish,#tacos #tomeatingtacos @tacos_palacios
330,330,291,Chicken & Cheese Taco,Playa Phuck Palace,"Playa Del Rey, CA",6.8/10,0.679999999999999,26 seconds to finish,#tacos #tomeatingtacos #tacotuesday
331,331,290,Al Pastor Taco,Leo‚Äôs Taco Truck,"Los Angeles, CA",9.5/10,0.9500000000000001,17 seconds to finish,#tacos #tomeatingtacos @leostacostruck
332,332,289,Al Pastor Taco,Flamin Taco,"Koreatown - Los Angeles, CA",8.4/10,0.8400000000000001,21 seconds to finish,#tacos #tomeatingtacos @elflamintaco
333,333,288,Tripas,Tacos Como En El D.F,Taco Truck,"Los Angeles, CA",,9.3/10. 18 seconds to finish,#tacos #tomeatingtacos #losangeles #lebron @tacoscomoeneldf
334,334,287,Mushroom Taco,Loqui,"Culver City, CA",9.14/10,0.914,62 seconds to finish,#tacos #tomeatingtacos @eatloqui
335,335,286,Steak Taco,Papusas,"Chinatown-Los Angeles, CA",8.6/10,0.86,73 seconds to finish,"#tacos #tomeatingtacos #food #losangeles @vchostruck 
Feat. @joemenconi"
336,336,285,Carnitas Taco,Guadalajara Taco Grill,"Palmdale, CA",6.6/10,0.659999999999999,26 seconds to finish,#tacos #tomeatingtacos #food #california
337,337,284,Chicken & Steak Taco,Homemade,"Hermosa Beach, CA",7.8/10,0.78,57 seconds to finish,#tacos #tomeatingtacos #beach #summer #food
338,338,283,Pork Sausage Taco,Homemade by @notorious_j.h.o,"Playa Del Rey, CA",7/10,0.7000000000000001,27 seconds to finish,#tacos #tomeatingtacos #food #home #wig
339,339,282,Asada Taco,El Taco Ilegal,"Lennox, CA",8.7/10,0.8699999999999991,14 seconds to finish,#tacos #tomeatingtacos #food
340,340,281,Tripas Taco,Taco Dollar,"Lennox,CA",9.28/10,0.927999999999999,18 seconds to finish,#tacos #tomeatingtacos #food
341,341,280,Chicken-Spanish Rice and Ranch Taco,Homemade by @hamsandwichgram,"Playa Del Rey, CA",9.28/10,0.927999999999999,18 seconds to finish,#tacos #tomeatingtacos #food
342,342,279,Shredded Crunchy Chicken Tacos,Homemade,"Playa Del Rey, CA",7.3/10,0.73,41 seconds to finish,#tacos #tacotuesday #tomeatingtacos
343,343,278,Al Pastor Taco,Cactus Taqueria #4,"Sherman Oaks, CA",9.2/10,0.919999999999999,33 seconds to finish,"#tacos #tomeatingtacos #valley @cactus_taqueria 
Feat. @quinn.garrett"
344,344,277,Chicken Taco,Tacos Por Favor,"Venice, CA",7/10,0.7000000000000001,49 seconds to finish,#tacos #tomeatingtacos #venice
345,345,276,Tapatio Chicken Taco,Homemade by Me,"Playa Del Rey, CA",8.7/10,0.8699999999999991,39 seconds to finish,"#tacos #tomeatingtacos 
Feat. @tesscastro
No sound cuz I suck. But quote from Tess on the shell - ‚Äúthey have the perfect crunch‚Äù"
346,346,275,Fish Taco,Papi‚Äôs Grill,"Pismo Beach, CA",9.2/10,0.919999999999999,56 seconds to finish,#tacos #tomeatingtacos
347,347,274,Al Pastor Taco,Big Sur Taco Co,"Big Sur, CA",11.1/10,1.109999999999999,47 seconds to finish,"#tacos #tomeatingtacos
Feat. @scallahan1 and @allisonsackett wedding!"
348,348,273,Fish Taco,Baldemiro‚Äôs Taco Shop,"Seaside, CA",7.8/10,0.78,59 seconds to finish,#tacos #tomeatingtacos
349,349,272,Al Pastor Taco,Brady‚Äôs Yacht Club,"Santa Cruz, CA",6.9/10,0.6900000000000001,37 seconds to finish,#tacos #tomeatingtacos
350,350,271,Shrimp Taco,Taqueria Jalape√±os,"Santa Cruz, CA",7.3/10,0.73,54 seconds to finish,#tacos #tomeatingtacos
351,351,270,Tripitas Taco,Taqueria Los Pericos,"Santa Cruz, CA",9.65/10,0.9650000000000001,39 seconds to finish,#tacos #tomeatingtacos
352,352,269,Turkey Taco,Homemade by @tommyboycallahan,"Playa Del Rey, CA",8.4/10,0.8400000000000001,37 seconds to finish,#tacos #tomeatingtacos #food #shirtlessguys
353,353,268,Chorizo Taco,Venice Street Cart,"Venice, CA",7.3/10,0.73,18 seconds to finish,#tacos #tomeatingtacos #food
354,354,267,Peanut Butter & Jelly Taco,Homemade by Me,"Playa Del Rey, CA",7.9/10,0.79,37 seconds to finish,#tacos #tomeatingtacos
355,355,266,Al Pastor Taco,Lincoln and Rose Cart,"Venice, CA",9.2/10,0.919999999999999,29 seconds to finish,"#tacos #tomeatingtacos #venicebeach #food #summer 
Feat. My Uncle and little cousin @meredith.callahan"
356,356,265,Fish Taco,Ensenada Surf & Turf Grill,"El Segundo, CA",8.4/10,0.8400000000000001,59 seconds to finish,"#tacos #tomeatingtacos #food #foodporn #fish 
Feat. @tesscastro @patrickmorris93"
357,357,264,Steak Taco,La Playita,"Hermosa Beach, CA",7.8/10,0.78,54 seconds to finish,#tacos #tomeatingtacos #food
358,358,263,Rico‚Äôs Tacos El Tio,"Inglewood, CA",8.9/10,7.8/10,0.78,54 seconds to finish,#tacos #tomeatingtacos #food
359,359,262,Carne Molida Taco,Benny‚Äôs Tacos (@bennystacos),"Westchester, CA",7.7/10,0.77,59 seconds to finish,"#tacos #tomeatingtacos
#food #iliketurtles"
360,360,261,Steak Taco,Hacienda Cocula,"Countryside, IL",6.1/10,0.61,37 seconds to finish,#tacos #tomeatingtacos
361,361,260,Steak Taco,L‚ÄôPatron,"Chicago (Logan Square), IL",8.2/10,0.8200000000000001,47 seconds to finish,#tacos #tomeatingtacos #mdw #chicago
362,362,259,Mini Taco,Knuckleheads,"Michigan City, IN",3.21/10,0.321,1 second to finish,#tacos #tomeatingtacos
363,363,258,Mini Taco,Redamak‚Äôs(@redamaks),"New Buffalo, Michigan",3.2/10,0.32,1 second to finish,#tacos #tomeatingtacos
364,364,257,Steak Taco,RUTCORP (@rutcorp) prepared by @not.junk.food,"Chicago (Bridgeport), IL",9.76/10,0.976,46 seconds to finish,"#tacos #tomeatingtacos 
Check out the homie @not.junk.food for dank food!"
365,365,256,Bistek Asado Taco,Taqueria El Milagro,"Chicago (Pilsen), IL",9.1/10,0.909999999999999,154 seconds to finish,"#tacos #tomeatingtacos 
s/o @dave_gee_ for the rec"
366,366,255,Chicken Taco,The Shack (@theshack_pdr),"Playa Del Rey, CA",7.3/10,0.73,46 seconds to finish,#tacos #tomeatingtacos #food
367,367,254,Carnitas Taco,Roast To Go,"Downtown Los Angeles, CA",9.3/10,0.93,132 seconds to finish,"#tacos #tomeatingtacos #grandcentralmarket 
Feat. @jojothebluesman"
368,368,253,Octopus Taco,La Tostaderia,"Venice, CA",8.3/10,0.8300000000000001,51 seconds to finish,#tacos #tomeatingtacos #latostaderia #abbotkinney
369,369,252,Carnitas Hard Shell Taco,Tacos Por Favor (@tacosporfavorsm),"Santa Monica, CA",8.5/10,0.85,74 seconds to finish,"#tacos #tomeatingtacos 
#food #losangeles #yummy #memes #diet #summer #isuck"
370,370,251,Taco de Birria,Teddy‚Äôs Red Tacos (@teddysredtacos),"South Park - Los Angeles, CA",8.6/10,0.86,29 seconds to finish,#tacos #tomeatingtacos
371,371,250,Birria de Res Quesataco,Tacos y Birria La Unica (@tacosybirrialaunica),"Boyle Heights, CA",9.6/10,0.96,29 seconds to finish,#tacos #tomeatingtacos
372,372,249,Wild Naked Chicken Chalupa,Taco Bell (@tacobell),"Santa Monica, CA",9.4/10,0.9400000000000001,104 seconds to finish,#tacos #tomeatingtacos #tacobell #nakedchickenchalupa
373,373,248,Ground Beef Taco,Homemade by Me,"Playa Del Rey, CA",6.2/10,0.62,19 seconds to finish,#tacos #tomeatingtacos #food #yummy #bad #homemade
374,374,247,Fried Shrimp Taco,Ensenada‚Äôs Surf N Turf Grill,"El Segundo, CA",8.8/10,0.8800000000000001,73 seconds to finish,"#tacos #tomeatingtacos #tacotuesday 
#fish #shrimp #food #losangeles"
375,375,246,Beef Taco,Santa Anita Park,"Arcadia, CA",5.1/10,0.51,46 seconds to finish,#tacos #tomestingtacos #kentuckderby
376,376,245,Spicy Shredded Chicken Taco,Cilantro Fresh Mexican Grill,"Westchester, CA",8/10,0.8,31 seconds to finish,"#tacos #tomeatingtacos #food #yummy 
@cilantrofreshmexicangrill"
377,377,244,Carne Asada Taco,Caste√±edas Mexican Food,"Joshua Tree, CA",7.9/10,0.79,102 seconds to finish,#tacos #tomeatigtacos #joshuatree
378,378,243,Barbacoa Taco,Cinco(@cincooaxacan ),"Playa Del Rey, CA",8.7/10,0.8699999999999991,13 seconds to finish,"#tacos #tomeatingtacos #food
Feat. @lisavcallahan"
379,379,242,Tripa Taco(Guts),Santa Rita Jalisco,"East Los Angeles, CA",9.14/10,0.914,9 seconds to finish,#tacos #tomeatingtacos #tacotuesday
380,380,241,Shrimp Taco,Mariscos Jalisco,"Boyle Heights - Los Angeles, CA",9.7/10,0.97,34 seconds to finish,#tacos #tomeatingtacos #tacotuesday
381,381,240,Asada Taco,Tamales Alberto (Melrose Trading Post),"West Hollywood, CA",8.5/10,0.85,18 seconds to finish,#tacos #tomeatingtacos #melrose #hollywood
382,382,239,Fried Pork Taco,Restaurante Juquila,"West Los Angeles, CA",9.3/10,0.93,37 seconds to finish,#tacos #tomeatingtacos #tacotuesday #food #losangeles
383,383,238,Carne Asada Taco,El Buen Sabor,"San Francisco, CA",9.58/10,0.9580000000000001,76 seconds to finish,"#tacos #tomeatingtacos 
Feat. @air_brisket @bcramsie24 @jimbo1192"
384,384,237,Carne Asada Taco,Gallardo‚Äôs,"San Francisco, CA",9.1/10,0.909999999999999,73 seconds to finish,"#tacos #tomeatingtacos 
Feat. @ericjpowers"
385,385,236,Chipotle Chicken Taco,Benny‚Äôs Tacos,"Westchester, CA",8.7/10,0.8699999999999991,34 seconds to finish,"#tacos #tomeatingtacos #tacotuesday #food #yummy #chicken #blogger #isuck 
@bennystacos"
386,386,235,Poke Taco,Beauty & Essex,"Hollywood, CA",9.6/10,0.96,6 seconds to finish,"#tacos #tomeatingtacos #hollywood #food #losangeles 
@beautyandessexla"
387,387,234,Carne Asada Taco,Bumblebee Man‚Äôs Taco Truck,"Universal Studios, CA",8.8/10,0.8800000000000001,38 seconds to finish,#tacos #tomeatingtacos #universalstudios
388,388,233,Cheesy Potato Taco,Homemade by @tommyboycallahan,"Playa Del Rey, CA",8.7/10,0.8699999999999991,19 seconds to finish,#tacos #tomeatingtacos #taco #food #earthquake
389,389,232,Breakfast Taco,Homemade by @tommyboycallahan,"Playa Del Rey, CA",9.4/10,0.9400000000000001,28 seconds to finish,#tacos #tomeatingtacos #easterbunny #yummy
390,390,231,Carnitas Taco,La Playita (@la_playita),"Santa Monica, CA",9.39/10,0.9390000000000001,28 seconds to finish,"#tacos #tomeatingtacos #tacotuesday #tacogang #food 
Feat. @notorious_j.h.o"
391,391,230,Chicken Taco,Mar Vista Street Cart,"Mar Vista, CA",9.1/10,0.909999999999999,13 seconds to finish,"#tacos #tomeatingtacos 
Feat. @jillhoff92"
392,392,229,Al Pastor Taco,Bootleg Taco Stand,"Venice, CA",8.6/10,0.86,12 seconds to finish,"#tacos #tomeatingtacos #tacogang 
Feat. @pdo157"
393,393,228,Al Pastor Taco,Leo‚Äôs Tacos Truck (@leostacostruck),"Los Angeles, CA",9.67/10,0.967,19 seconds to finish,"#tacos #tomeatingtacos 
#food #yummy #hollywood #losangeles #california"
394,394,227,Carnitas Taco,T√®kila,"Hollywood, CA",9.2/10,0.919999999999999,23 seconds to finish,"#tacos #tomeatingtacos 
Feat. @kiiokee"
395,395,226,Al Pastor Taco,Tacos Al Pastor Street Cart (outside of El Super Taco),"West Los Angeles, CA",9/10,0.9,19 seconds to finish,#tacos #tomeatingtacos
396,396,225,Naked Egg Taco,@tacobell,"West Los Angeles, CA",7.8/10,0.78,38 seconds to finish,#tacos #tomeatingtacos
397,397,224,Carne Asada Taco,B S Taqueria (Staples Center),"Downtown Los Angeles, CA",7.4/10,0.74,39 seconds to finish,"#tacos #tomeatingtacos 
Feat. @kingjames"
398,398,223,Carne Asada Taco,"Homemade by me and @timolesnavage!Marina Del Rey, CA",9.4/10,7.4/10,0.74,39 seconds to finish,"#tacos #tomeatingtacos 
Feat. @kingjames"
399,399,222,Baja Chipotle style Achiote Chicken Taco,Tocaya Organica,"Venice, CA",9.2/10,0.919999999999999,31 seconds to finish,"#tacos #tomeatingtacos
Feat. @rilezzz1"
400,400,221,Fried Shrimp Taco,La Playita Mariscos Guillen @la_playita ,"Santa Monica, CA",9.3/10,0.93,86 seconds to finish,"#tacos #tomeatingtacos 
Feat. @ariii_goldd @sam_maholchic @seajorda @notorious_j.h.o"
401,401,220,Asada Taco,Venice Street Cart,"Venice, CA",8.9/10,0.89,17 seconds to finish,"#tacos #tomeatingtacos
Feat. @sam_maholchic @notorious_j.h.o"
402,402,219,Carne Asada Taco,Taqueria El Tapatio,"Woodland Hills, CA",9.2/10,0.919999999999999,27 seconds to finish,#tacos #tomeatingtacos
403,403,218,Al Pastor Crispy Taco,Taqueria Los Pericos,"Santa Cruz, CA",8.7/10,0.8699999999999991,32 seconds to finish,#tacos #tomeatingtacos
404,404,217,Carne Asada Taco,Super Cuca‚Äôs Taqueria,"Santa Barbara, CA",8.3/10,0.8300000000000001,42 seconds to finish,#tacos #tomeatingtacos #food
405,405,216,Beef Taco,Los Tacos,"West Hollywood, CA 7.2/10",8.3/10,0.8300000000000001,42 seconds to finish,#tacos #tomeatingtacos #food
406,406,215,Cabeza Taco,Tacos Giovani.T,"West Los Angeles, CA",7.3/10,0.73,19 seconds to finish,#tacos #tomeatingtacos #tacotuesday
407,407,214,Carnitas Taco,Amigos Tacos,"Hermosa Beach, CA",8.7/10,0.8699999999999991,49 seconds to finish,"#tacos #tomeatingtacos
Feat. @dj_yukie @kprince_14"
408,408,213,Chorizo Taco,Tacos Giovani.T,"West Los Angeles, CA",8.9/10,0.89,21 seconds to finish,"#tacos #tomeatingtacos 
Feat. @kprince_14"
409,409,212,Al Pastor Taco,Tacos El Gordo,"Las Vegas, NV",9.7/10,0.97,17 seconds to finish,#tacos #tomeatingtacos #vegas
410,410,211,Fiery Doritos Nacho Taco (Supreme),Taco Bell Cantina,"Las Vegas, NV",8.6/10,0.86,29 seconds to finish,#tacos #tomeatingtacos #vegas
411,411,210,Navajo Taco,Twin Rocks Caf√©,"Bluff, UT",8.3/10,0.8300000000000001,392 seconds to finish,#tacos #tomeatingtacos #navajotaco
412,412,209,Shredded Beef Taco,El Parasol,"Santa Fe, NM",8.8/10,0.8800000000000001,27 seconds to finish,#tacos #tomeatingtacos
413,413,208,Beef Taco,Los Magueyes,"Santa Fe, NM",7.8/10,0.78,31 seconds to finish,#tacos #tomeatingtacos
414,414,207,Adobado Taco,Tacobus,"Albuquerque, NM",8.6/10,0.86,24 seconds to finish,"#tacos #tomeatingtacos 
Feat: @scallahan1 @jsack94"
415,415,206,Potato Taco,Tacos Por Favor,"West Los Angeles, CA",7.6/10,0.76,69 seconds to finish,#tacos #tomeatingtacos @tacosporfavorsm
416,416,205,Al Pastor Taco,Street Cart Outside Whole Foods,"Venice, CA",9.1/10,0.909999999999999,14 seconds to finish,"#tacos #tomeatingtacos #food 
Feat: @callahankatie @allisonsackett @kirsteniverson @jlhenkel"
417,417,204,Al Pastor Taco,Nico‚Äôs Tacos,"Santa Monica, CA",8.2/10,0.8200000000000001,14 seconds to finish,#tacos #tacotuesday #tomeatingtacos
418,418,203,Mushroom Taco,Tacos Por Favor,"West Los Angeles, CA",9.2/10,0.919999999999999,63 seconds to finish,#tacos #tomeatingtacos @tacosporfavorsm
419,419,202,Asada Taco,Maria‚Äôs Catering Mexican Food,"Santa Monica, CA",8/10,0.8,27 seconds to finish,#tacos #tomeatingtacos
420,420,201,Asada Taco,Bonito Taco,"Santa Monica, CA",7.8/10,0.78,19 seconds to finish,"#tacos #tomeatingtacos 
@bonitotaco"
421,421,200,Fish Taco,Ruben‚Äôs Tacos,"Palms(Sepulveda/National), CA",9.1/10,0.909999999999999,29 seconds to finish,"#tacos #tomeatingtacos 
@rubenstacos"
422,422,199,Al Pastor Taco,Ruben‚Äôs Tacos,"Palms (Los Angeles), CA",9.3/10,0.93,19 seconds to finish,"#tacos #tacotuesday #tomeatingtacos 
@rubenstacos"
423,423,198,Chicken Taco,Benny‚Äôs Tacos," Santa Monica, CA",9.49/10,0.9490000000000001,47 seconds to finish,"#tacos #tomeatingtacos
Feat: @rellski1
@bennystacos"
424,424,197,Beef Taco,Max Market Deli,"Denver, CO",7.9/10,0.79,34 seconds to finish,#tacos #tomeatingtacos #denver
425,425,196,Baja Fish Taco,Illegal Pete‚Äôs,"Denver, CO",8.5/10,0.85,38 seconds to finish,#tacos #tomeatingtacos
426,426,195,Cordero Taco(Lamb Shank),Machete Tequila & Tacos,"Denver, CO",9.67/10,0.967,49 seconds to finish,"#tacos #tomeatingtacos 
Feat: @trevkinz"
427,427,194,Chorizo Taco,Mar Vista Street Guys,"Mar Vista, CA",9.52/10,0.9520000000000001,17 seconds to finish,#tacos #tomeatingtacos
428,428,193,"Shout out to @duhrew and @imperialdigitalmarketing for making this Behind The Scenes footage of a typical taco encounter 
10/10 video",60 seconds to finish #tacos #tacotuesday #mArketing #tomeatingtacos,,9.52/10,0.9520000000000001,17 seconds to finish,#tacos #tomeatingtacos
429,429,192,Brisket Taco,Texas BBQ,"Marina Del Rey, CA",8.9/10,0.89,39 seconds to finish,#tacos #tomeatingtacos
430,430,191,Shrimp Taco,La Isla Bonita,"Venice, CA",9.03/10,0.902999999999999,43 seconds to finish,#tacos #tomeatingtacos
431,431,190,Fish Taco,La Playita Mariscos Guillen,"Santa Monica, CA",9.6/10,0.96,117 seconds to finish,#tacos @la_playita #tomeatingtacos
432,432,189,Al Pastor Taco,Taqueria La Mexicana,"Long Beach, CA",9.06/10,0.906,27 seconds to finish,"#tacos #tomeatingtacos
Feat: @thebigsportsguy @duhrew @emjaeadamson"
433,433,188,Carne Asada Taco,Tacos San Pedro,"Hawiian Garden, CA",8.9/10,0.89,41 seconds to finish,#tacos #tomeatingtacos
434,434,187,Carnitas Taco,Taqueria Carnitas Sahuayo,"Hawiian Gardens, CA",9.18/10,0.917999999999999,48 seconds to finish,"#tacos #tomeatingtacos 
Feat: @thebigsportsguy"
435,435,186,Al Pastor Taco,Taco Factory,"Hawiian Gardens, CA",6.2/10,0.62,14 seconds to finish,"#tacos #tomeatingtacos
Feat: @thebigsportsguy"
436,436,185,Al Pastor Taco,Saby‚Äôs Cafe,"Mar Vista, CA",7.3/10,0.73,13 seconds to finish,#tacos #tomeatingtacos
437,437,184,Chicken Taco,El Cholo,"Santa Monica, CA",6.7/10,0.67,9 seconds to finish,#tacos #tomeatingtacos
438,438,183,Lengua Taco,Street Cart,"Mar Vista, CA",8.3/10,0.8300000000000001,7 seconds to finish,#tacos #tomeatingtacos
439,439,182,Carne Asada Taco,Rose Bowl Stadium,"Pasadena, CA",7.8/10,0.78,53 seconds to finish,#tacos #rosebowl #tomeatingtacos
440,440,181,Crispy Beef Taco,El Taco,"San Pedro, CA",5.6/10,0.559999999999999,43 seconds to finish,#tacos #tomeatingtacos
441,441,180,Fish Taco,Tacos Jalisco,"San Pedro, CA",7.7/10,0.77,87 seconds to finish,#tacos #tomeatingtacos
442,442,179,Carne Asada Taco,El Alegre Burrito,"Westchester, IL",9.1/10,0.909999999999999,37 seconds to finish,#tacos #tomeatingtacos
443,443,178,Steak Taco,Tony‚Äôs Mexican Grill,"Brookfield, IL",9/10,0.9,47 seconds to finish,#tacos #tacotuesday #tomeatingtacos
444,444,177,Steak Taco,El Faro,"Summit, IL",9.47/10,0.9470000000000001,47 seconds to finish,"#tacos #tomeatingtacos
Feat: @jillian_gable"
445,445,176,Al Pastor Taco,Tacos Giovani.T,"West Los Angeles, CA",9.7/10,0.97,17 seconds to finish,#tacos #tacotuesday #tomeatingtacos
446,446,175,Sweet Potato Taco,Guerilla Tacos,"Venice, CA",9.43/10,0.9430000000000001,33 seconds to finish,#tacos @guerrillatacos #tomeatingtacos
447,447,174,Shrimp Taco,Benny‚Äôs Tacos,"Santa Monica, CA",9.4/10,0.9400000000000001,43 seconds to finish,"#tacos #tomeatingtacos
@bennystacos"
448,448,173,Chicken Border Taco,Eduardo‚Äôs Border Grill,"West Los Angeles, CA",8.7/10,0.8699999999999991,43 seconds to finish,#tacos #tomeatingtacos @eduardosbordergrill
449,449,172,Steak Taco,Sonoritas Prime Tacos,"West Los Angeles, CA",9.2/10,0.919999999999999,24 seconds to finish,#tacos #tomeatingtacos@sonoritasla
450,450,171,Steak Taco,Hugo‚Äôs Tacos,"Studio City, CA",7.8/10,0.78,34 seconds to finish,"#tacos #tomeatingtacos @hugostacos 
Feat. @quinn.garrett"
451,451,170,Bean Taco,Don Antonio‚Äôs,"West Los Angeles, CA",9.1/10,0.909999999999999,31 seconds to finish,#tacos #tomeatingtacos
452,452,169,Chorizo and Potato Taco,MV Grab and Go,"Mar Vista, CA",7.9/10,0.79,25 seconds to finish,#tacos #tomeatingtacos
453,453,168,Al Pastor Shredded Beef Taco,Tocaya Organica,"Venice, CA",9.1/10,0.909999999999999,17 seconds to finish,#tacos #food #tomeatingtacos
454,454,167,Al Pastor Taco,Fast Taco,"Santa Monica, CA",5.3/10,0.53,27 seconds to finish,"#tacos #triller #tomeatingtacos
@trillervids"
455,455,166,Blazin Shrimp Taco,Komodo,"Venice, CA",7.3/10,0.73,29 seconds to finish,"#tacos #tomeatingtacos
Feat. @graceshannon"
456,456,165,Short Rib Taco,Lagunitas Brewing Company,"Petaluma, CA",10/10,1.0,27 seconds to finish,#tacos #ad #tomeatingtacos @lagunitasbeer
457,457,164,Chorizo Taco,Taqueria El Sombrero,"Healdsburg, CA",8.7/10,0.8699999999999991,31 seconds to finish,#tacos #tomeatingtacos
458,458,163,Shrimp Taco,Guerrero‚Äôs Taqueria,"Pacifica, CA",8.8/10,0.8800000000000001,26 seconds to finish,#tacos #california #thanksgiving #tomeatingtacos
459,459,162,Carnitas Taco,El Roy‚Äôs,"Petaluma, CA",9.5/10,0.9500000000000001,23 seconds to finish,"#tacos @elroysmexicangrill #tomeatingtacos
Feat. @scallahan1 and @allisonsackett"
460,460,161,Chicken Taco,Kogi Truck,"West Los Angeles, CA",9.06/10,0.906,19 seconds to finish,#tacos @kogibbq #tomeatingtacos
461,461,160,Al Pastor Taco,Street People of Mar Vista,"Mar Vista, CA",9.36/10,0.935999999999999,14 seconds to finish,#tacos #tomeatingtacos
462,462,159,Pork Belly Taco,Chinese Laundry,"Downtown Los Angeles, CA",8.6/10,0.86,28 seconds to finish,"#tacos #food 
@chineselaundrytruck #tomeatingtacos"
463,463,158,Asada Taco,Don Antonio‚Äôs,"West Los Angeles, CA",8.4/10,0.8400000000000001,27 seconds to finish,#tacos #tomeatingtacos
464,464,157,Carne Asada Taco,Whole Foods Market,"Santa Monica, CA",8/10,0.8,23 seconds to finish,#tacos #tomeatingtacos
465,465,156,Beef Taco,Homemade in Lincoln Park,"Chicago, IL",5.1/10,0.51,73 seconds to finish,#tacos #tomeatingtacos
466,466,155,Fish Taco,Big Star,"Wicker Park, Chicago, IL",9.4/10,0.9400000000000001,45 seconds to finish,"#tacos #tomeatingtacos
Feat. @dave_gee_"
467,467,154,Chicken Taco,Papas,"Humboldt Park, Chicago, IL",8.1/10,0.809999999999999,67 seconds to finish,"#tacos #tomeatingtacos
Feat. @storefrontchi entire show"
468,468,153,Al Pastor Taco,Kombs,"Countryside, IL",8.8/10,0.8800000000000001,27 seconds to finish,#tacos #tomeatingtacos
469,469,152,Steak Taco,Taco Taco,"Countryside, IL",8.7/10,0.8699999999999991,32 seconds to finish,#tacos #tomeatingtacos
470,470,151,Fish Taco,Pinch of Tacos,"Pomona, CA",7.8/10,0.78,23 seconds to finish,#tacos #beercircus #tomeatingtacos
471,471,150,Al Pastor Taco,El Chato Taco Truck,"Mid-Wilshire, Los Angeles, CA",9/10,0.9,7 seconds to finish,#tacos #tomeatingtacos
472,472,149,Carne Asada Taco,EL Tarasco,"Venice, CA",7.9/10,0.79,27 seconds to finish,"#tacos #tomeatingtacos
Feat. @cammolina31 and @bsblackshear"
473,473,148,Al Pastor Taco,Benny‚Äôs Tacos,"Culver City, CA",8.5/10,0.85,34 seconds to finish,#tacos @bennystacos #tomeatingtacos
474,474,147,Korean bbq Taco,Tommy Taco,"Westwood, CA",7.3/10,0.73,27 seconds to finish,"#tacos #tomeatingtacos
Feat. @instafishie"
475,475,146,Carne Asada Taco,Taqueria Chihuahua,"Marina Del Rey, CA",9.05/10,0.905,8 seconds to finish,#tacos #tomeatingtacos
476,476,145,Chorizo Taco,Tacos Por Favor,"West Los Angeles, CA",9.6/10,0.96,48 seconds to finish,#tacos #westlatacocrawl #tomeatingtacos
477,477,144,Carnitas Taco,El Super Taco,"West Los Angeles, CA",8.2/10,0.8200000000000001,16 seconds to finish,#tacos #westlatacocrawl #tomeatingtacos
478,478,143,Chicken Taco,Poquito Mas,"West Los Angeles, CA",8.4/10,0.8400000000000001,34 seconds to finish,#tacos #WestLATacoCrawl #tomeatingtacos
479,479,142,Fish Taco,Tacos Tu Madre,"West Los Angeles, CA",9.3/10,0.93,46 seconds to finish,#tacos #WestLATacoCrawl @tacostumadre #tomeatingtacos
480,480,141,Queso Crunch Taco,Del Taco,"West Los Angeles, CA",7.4/10,0.74,27 seconds to finish,#tacos @deltaco #tomeatingtacos
481,481,140,Asada breakfast taco,Downtown Bakery,"New York, NY",8.2/10,0.8200000000000001,47 seconds to finish,#tacos #nyc #tomeatingtacos
482,482,139,"Queso shell, Carne Asada Taco",Los Tacos No,1,"New York, NY. 9.7/10",,46 seconds to finish,#tacos #nyc @lostacos1 #tomeatingtacos
483,483,138,Bigolgi Taco,SET L.E.S,"New York, NY",9.3/10,0.93,36 seconds to finish,#tacos @set_les #tomeatingtacos
484,484,137,Taco de Don Luis,La Superior,"Brooklyn, NY",6.4/10,0.64,19 seconds to finish,#tacos #tomeatingtacos
485,485,136,Chorizo Taco,La Palapa Taco Bar,"New York, Nee York",5.9/10,0.5900000000000001,54 seconds to finish,Feat. @charlottecip #tacos #tomeatingtacos
486,486,135,Fried Fish Taco,Benny‚Äôs Taco,"Santa Monica, CA",9.49/10,0.9490000000000001,32 seconds to finish,#tacos @bennystacos #tomeatingtacos
487,487,134,Elk and Foie Taco with Blueberry slaw,Lonesome Dove Western Bistro,"Austin, TX",7.6/10,0.76,27 seconds to finish,#tacos #austincitylimits #tomeatingtacos
488,488,133,Pork Taco,Loqui,"Culver City, CA",9.53/10,0.9530000000000001,103 seconds to finish,#tacos @eatloqui #tomeatingtacos
489,489,132,Fiery Dorito Loco Taco,Taco Bell,"West Los Angeles, CA",7.8/10,0.78,36 seconds to finish,#tacos #nationaltacoday @tacobell #tomeatingtacos
490,490,131,Beef Taco,Don Antonio‚Äôs,"West Los Angeles, CA",8.4/10,0.8400000000000001,32 seconds to finish,#tacos #nationaltacoday #tomeatingtacos
491,491,130,Al Pastor Taco,Pico Street Guys,"West Los Angeles, CA",9.23/10,0.923,9 seconds to finish,#tacos #nationaltacoday #tomeatingtacos
492,492,129,Shrimp Taco,Tacomiendo,"West Los Angeles, CA",8.1/10,0.809999999999999,21 seconds to finish,#tacos #nationaltacoday #tomeatingtacos
493,493,128,Chicken Taco,California Mexican Grill,"West Los Angeles, CA",9/10,0.9,23 seconds to finish,#tacos #nationaltacoday #tomeatingtacos
494,494,127,Carnitas Taco,Cemitas Poblanas Food Truck,"West Los Angeles, CA",8.9/10,0.89,19 seconds to finish,#tacos #nationaltacoday #tomeatingtacos
495,495,126,Steak Taco,Poquito Mas,"WestbLos Angeles, CA",8.7/10,0.8699999999999991,29 seconds to finish,#tacos #nationaltacoday @originalpoquitomas #tomeatingtacos
496,496,125,Asasda Taco,La Taqueria,"San Francisco, CA",9.6/10,0.96,43 seconds to finish,#tacos @lataqueriasf #tomeatingtacos
497,497,124,Shrimp Taco,El Roy‚Äôs,"Petaluma, CA",9.69/10,0.969,23 seconds to finish,#tacos #tomeatingtacos
498,498,123,Potato Taco,Juanita‚Äôs Mexican Caf√©,"Chinatown-Downtown Los Angeles, CA",7.9/10,0.79,26 seconds to finish,#tacos #tomeatingtacos
499,499,122,Carne Asada Taco,Normita‚Äôs Surf City Taco,"Huntington Beach, CA",8.83/10,0.883,47 seconds to finish,#tacos #tomeatingtacos
500,500,121,Fish Taco,Bear Flag Fish Co,"Newport Beach, CA",9.32/10,0.932,26 seconds to finish,#tacos @bearflagfishco #tomeatingtacos
501,501,120,Cabeza Taco,Mar Vista street Guys,"Mar Vista, CA",9.11/10,0.910999999999999,9 seconds to finish,"#tacos 
Feat. My parents!! @lisavcallahan @p.creature #tomeatingtacos"
502,502,119,Al Pastor Taco,Venice street peeps,"Venice, CA",9.07/10,0.907,11 seconds to finish,#tacos #tomeatingtacos
503,503,118,Taco de Cochinita Pibil,Paco's Tacos,"Mar Vista, CA",6.3/10,0.63,35 seconds to fini,
504,504,117,Spicy Pork Taco,Kogi Truck,"West Los Angeles, CA",9.24/10,0.924,19 seconds to finish,#tacos @kogibbq #tomeatingtacos
505,505,116,Sweet and Spicy Steak Taco,TLT Food,"Westwood Village, CA",9.3/10,0.93,37 seconds to finish,#tacos @tltfood #tomeatingtacos
506,506,115,Barbacoa taco,Fuel City Tacos,"Dallas, TX",9.5/10,0.9500000000000001,24 seconds to finish,#tacos #tomeatingtacos
507,507,114,Steak Taco,Shooters ToGo,"Dallas, TX",5.8/10,0.58,21 seconds to finish,#tacos #tomeatingtacos
508,508,113,"Brisket, mac n cheese, on white bread taco",Lockhart Smokehouse,"Dallas, TX",9.1/10,0.909999999999999,37 seconds to finish,#tacos #tomeatingtacos
509,509,112,Brisket Taco,Mattito's,"Uptown Dallas, TX",7.2/10,0.72,31 seconds to finish,"#tacos
Feat: @cmpark78 and @c_nelligan #tomeatingtacos"
510,510,111,Al Pastor Taco,Homies on the street,"West Los Angeles, CA",9.3/10,0.93,9 seconds to finish,#tacos #tomeatingtacos
511,511,110,Chorizo taco,Los Tacos,"Hollywood, CA",8.1/10,0.809999999999999,26 seconds to finish,#tacos #tomeatingtacos
512,512,109,Al Pastor Taco,La Playita,"Santa Monica, CA",9.08/10,0.908,19 seconds to finish,#tacos #tomeatingtacos
513,513,108,Hard Shell Asada Taco,Tacos Por Favor,"Santa Monica, CA",8.9/10,0.89,29 seconds to finish,#tacos #tomeatingtacos
514,514,107,Asada Taco,Beverly Hills Farmers' Market,7.9/10,8.9/10,0.89,29 seconds to finish,#tacos #tomeatingtacos
515,515,106,Asada Taco,Taqueria of Hollywood,"Hollywood, CA",9.2/10,0.919999999999999,7 seconds to finish,#tacos #tomeatingtacos
516,516,105,Chorizo Taco,El Super Taco,"West Los Angeles, CA",8.7/10,0.8699999999999991,14 seconds to finish,#tacos #tomeatingtacos
517,517,104,Migas breakfast taco,Veracruz,"Austin, TX",9.7/10,0.97,136 seconds to finish,#tacos #tomeatingtacos
518,518,103,Al Pastor Taco,Campo's Tacos,"Culver City, CA",6.4/10,0.64,28 seconds to finish,#tacos #tomeatingtacos
519,519,102,Al Pastor Taco,Gus's Lunch Box,"Silver Lake, CA",8.42/10,0.842,17 seconds to finish,#tacos #tomeatingtacos
520,520,101,Hard shell chicken Taco,El Compa,"Inglewood, CA",8.7/10,0.8699999999999991,42 seconds to finish,#tacos #tomeatingtacos
521,521,100,Chorizo Taco,West LA Street Guys,"West Los Angeles, CA",9.23/10,0.923,9seconds to finish,#tacos #tomeatingtacos
522,522,99,Al Pastor Taco,Mar Vista Street Taco Guys,"Mar Vista, CA",9.4/10,0.9400000000000001,9seconds to finish,#tacos #tomeatingtacos
523,523,98,Shrimp Taco,"Reel Inn, Malibu, CA",7.7/10,9.4/10,0.9400000000000001,9seconds to finish,#tacos #tomeatingtacos
524,524,97,Bahn mi Chicken taco,Komodo,"Venice, CA",8.1/10,0.809999999999999,23 seconds to finish,#tacos #tomeatingtacos
525,525,96,BBQ Short Rib Taco,El Cartel,"Miracle Mile, Los Angeles, CA",8/10,0.8,19 seconds to finish,#tacos #tomeatingtacos
526,526,95,Chicharron Taco,Ana Maria's (Grand Central Market),"Downtown Los Angeles, CA",7.9/10,0.79,37 seconds to finish,"#tacos #tomeatingtacos
Hat by @tacogear"
527,527,94,Al Pastor Taco,Street Guys,"East Hollywood, CA",8.8/10,0.8800000000000001,10 seconds to finish,#tacos #tomeatingtacos
528,528,93,Sampler (6 street tacos),Guisado's,"West Hollywood, CA",9.1/10,0.909999999999999,overall 194 seconds to finish,#tacos #tomeatingtacos
529,529,92,Hard Shell Steak Taco,Casita Taco Al Carbon,"North Hollywood, CA",8.7/10,0.8699999999999991,29 seconds to finish,#tacos #tomeatingtacos
530,530,91,Asada Taco,Maria's Ricos Tacos,"Inglewood, CA",6.9/10,0.6900000000000001,7 seconds to finish,#tacos #tomeatingtacos
531,531,90,Al Pastor Taco,Some dudes on the street,"West Los Angeles, CA",9.1/10,0.909999999999999,8 seconds to finish,#tacos #tacowednesday #tomeatingtacos
532,532,89,Gringo Taco,Pinches Tacos,"Westwood, CA",9/10,0.9,40 seconds to finish,#tacos #tomeatingtacos
533,533,88,Carnitas Taco,8.7/10,"Hermosa Beach, CA",9/10,0.9,40 seconds to finish,#tacos #tomeatingtacos
534,534,87,Chicken Taco,Hermanos Taco Shop,"Chula Vista, CA",7.6/10,0.76,37 seconds to finish,#tacos #tomeatingtacos
535,535,86,Asada Taco,Tacos El Norte√±o,"Rosarito, Mexico",9.2/10,0.919999999999999,9 seconds finish,#tacos #tomeatingtacos
536,536,85,Al Pastor Taco,Rico's Tacos,"Tijuana, Mexico",9.6/10,0.96,19 seconds to finish,#tacos #mexico #tomeatingtacos
537,537,84,Al Pastor Taco,Street Stand,"Rosarito, Mexico",9/10,0.9,8 second to finish,#tacos #tomeatingtacos
538,538,83,Carne Asada Taco,Los Carbones,"San Ysidro, CA",8.2/10,0.8200000000000001,58 seconds to finish,#tacos #tomeatingtacos
539,539,82,Beef Taco,Don Antonio's,"West Los Angeles, CA",7/10,0.7000000000000001,32 seconds to finish,#tacos #tomeatingtacos
540,540,81,Chicken Taco,Nina's Mexican Food,"West Los Angeles, CA",9.4/10,0.9400000000000001,37 seconds to finish,#tacos cameo by @gregoryclamb #tomeatingtacos
541,541,80,Asada taco with cheese,Cactus Taqueria #4,"Sherman Oaks, CA",9/10,0.9,17 seconds to finish,#tomeatingtacos
542,542,79,Salmon Taco,La Isla Bonita Taco Truck,"Venice, CA",8.6/10,0.86,32 seconds to finish,#tomeatingtacos
543,543,78,Calamari Taco,Kogi Truck,"West Los Angeles, CA",7.2/10,0.72,43 seconds to finish,#tacos #tomeatingtacos
544,544,77,Chorizo Taco,Tacos El Primo,"Culver City, CA",7.9/10,0.79,13 seconds to finish,#tacos #tomeatingtacos
545,545,76,Mp3 taco,Komodo," Venice, CA",9.2/10,0.919999999999999,69 seconds to finish,#tacos #tomeatingtacos
546,546,75,Chicken ranch and salsa Taco,Homemade by me,"Mar Vista, CA",9.98/10,0.998,88 seconds to finish,#tacos #tomeatingtacos
547,547,74,Mushroom taco,Loqui,"Culver City, CA",9.7/10,0.97,194 seconds to finish,#tacos commentary by @quinn.garrett #tomeatingtacos
548,548,73,Fish Taco,Pancho's Tacos,"Santa Monica, CA",8.3/10,0.8300000000000001,52 seconds to finish,#tacos #tomeatingtacos
549,549,72,Cajun Fish Taco,Reel Inn,"Malibu, CA",9.5/10,0.9500000000000001,94 seconds to finish,#tacos #tomeatingtacos
550,550,71,Potato taco,Don Antonio's,"West Los Angeles, CA",8.1/10,0.809999999999999,34 seconds to finish,#tacos #tomeatingtacos
551,551,70,Asada Tacos,Judie's Tacos,Dead & Company concert,"Mountain View, CA",,9.3/10. 8 seconds to finish,#tacos #tomeatingtacos
552,552,69,Al Pastor Taco,La Catrina Food Truck,"Oakland, CA",9/10,0.9,18 seconds to finish,#tacos #tomeatingtacos
553,553,68,Asada Taco,Cemitas Mexican Food Truck,"Mar Vista, CA",7.3/10,0.73,13 seconds to finish,#tacos #tomeatingtacos
554,554,67,Salmon Taco,EK Valley,"Culver City, CA",9.1/10,0.909999999999999,16 seconds to finish,#tacos #tomeatingtacos
555,555,66,Fish Taco,Rigoberto's Taco Shop,"Pacific Beach - San Diego, CA",8.1/10,0.809999999999999,94 seconds to finish,#tacos #tomeatingtacos
556,556,65,Carne Asada Taco,House Party,"La Jolla, CA",8.4/10,0.8400000000000001,79 seconds to finish,#tacos #tomeatingtacos
557,557,64,Fried Avocado Taco,Torchy's Tacos,"South Austin, TX",9.2/10,0.919999999999999,82 seconds to finish,#tacos #tomeatingtacos
558,558,63,Tokyo Drifter Taco,Torchy's Tacos,"South Austin, TX",8.8/10,0.8800000000000001,52 seconds to finish,#tacos #tomeatingtacos
559,559,62,Beef Taco,Nina's Mexican Food,"West Los Angeles, CA",9.3/10,0.93,37 seconds to finish,#tacos #tomeatingtacos
560,560,61,Al Pastor taco,Taco's Guss,"Cabo San Lucas, Baja California Sur, Mexico",9.5/10,0.9500000000000001,32 seconds to finish,#tomeatingtacos
561,561,60,Al Pastor taco,Taco Loco,"Cabo San Lucas, Mexico",9.3/10,0.93,6 seconds to finish,#tacos #mexico #tomeatingtacos
562,562,59,Fish taco,Pool,"Cabo San Lucas, Mexico",9.3/10,0.93,38 seconds to finish,#tacos #mexico #tomeatingtacos
563,563,58,Shrimp Taco,Main Pool,"Cabo San Lucas, Baja California Sur, Mexico",7.2/10,0.72,47 seconds to finish,#tacos #mexico #tomeatingtacos
564,564,57,Bistec taco,The Market,"Cabo San Lucas, Baja California Sur, Mexico",7.8/10,0.78,6 seconds to finish,#tacos #tomeatingtacos
565,565,56,Chorizo con queso taco,The Market,"Cabo San Lucas, Mexico",9.86/10,0.986,21 seconds to finish,#tacos #mexico #international #tomeatingtacos
566,566,55,Loaded Taco Burrito,Taco Bell,"West Los Angeles, CA",8.1/10,0.809999999999999,57 seconds to finish,#tacos #tomeatingtacos
567,567,54,Lots of videos went out yesterday! Too lazy to watch them all? Check out this shorter video with some highlights #latacofest #tacos,,,8.1/10,0.809999999999999,57 seconds to finish,#tacos #tomeatingtacos
568,568,53,Reuban taco,Rob n Richies,"Los Angeles, CA",7.4/10,0.74,34 seconds to finish,#latacofest #tacos #tomeatingtacos
569,569,52,Chicken taco and steak taco,The Surfer Taco,"Los Angeles, CA",6.9/10,0.6900000000000001,and 7.8/10 respectively. 23 seconds to finish,each #latacofest #tacos #tomeatingtacos
570,570,51,Chicken and bean taco,Somewhere,"Hollywood, CA",7/10,0.7000000000000001,8 seconds to finish,#latacofest #tacos #tomeatingtacos
571,571,50,Buffalo chicken Mac taco,Toni Macaroni,"Van Nuys, CA",8.8/10,0.8800000000000001,22 seconds to finish,#latacofest #tacos #tomeatingtacos
572,572,49,Beef taco,Chicken taco,Japan Food Truck,"Hollywood, CA. 7.7/10",,22 seconds to finish,#latacofest #tacos #tomeatingtacos
573,573,48,Brisket taco,Red or Green Food Truck LA,"Hollywood, CA",8.3/10,0.8300000000000001,6 seconds to finish,#latacofest #tacos #tomeatingtacos
574,574,47,Shrimp taco,Chicken taco,Phantom Food Struck,"Hollywood, CA. 5/10",,6 seconds to finish,#latacofest #tacos #tomeatingtacos
575,575,46,More taco highlights! So pumped for LA Taco Fest this Saturday! Been training for so long - Lots of videos to come! #tacos #üåÆ #tomeatingtacos,,,"Hollywood, CA. 5/10",,6 seconds to finish,#latacofest #tacos #tomeatingtacos
576,576,45,Carne Asada taco,Tacos Por Favor,"West Los Angeles, CA",8.4/10,0.8400000000000001,14 seconds to finish,#tacos #tomeatingtacos
577,577,44,Short rib taco,Alibi Room,"Mar Vista, CA",9.1/10,0.909999999999999,17 seconds to finish,#tacos ft. New roomie @sealedwitakriss #tomeatingtacos
578,578,43,Asada Taco,Hector's Tacos,"Manhattan Beach, CA",8.8/10,0.8800000000000001,17 seconds to finish,#tacos #tomeatingtacos
579,579,42,Chicken Taco,Don Antonio's,"West Los Angeles, CA",8.7/10,0.8699999999999991,54 seconds to finish,"#tacos 
If you like the hat I'm wearing, check out @tacogear - they've got dope stuff! #tacogear #tomeatingtacos"
580,580,41,Steak Taco,Coachella Food Stand,8.2/10,8.7/10,0.8699999999999991,54 seconds to finish,"#tacos 
If you like the hat I'm wearing, check out @tacogear - they've got dope stuff! #tacogear #tomeatingtacos"
581,581,40,Chorizo Taco,Estilitas Foods (Truck),"West Los Angeles, CA",8.5/10,0.85,14 seconds to finish,#tacos #tomeatingtacos
582,582,39,Choco Taco,Klondike,"Mar Vista, CA",9/10,0.9,76 seconds to finish,#tacos #tomeatingtacos
583,583,38,Doritos Loco (Nacho Cheese) Taco,Taco Bell,"West Los Angeles, CA",8.3/10,0.8300000000000001,24 seconds to finish,#tacos #tomeatingtacos
584,584,37,Asada Taco,Don Antonio's,"West Los Angeles, CA",8.4/10,0.8400000000000001,8 seconds to finish,#tacos #tomeatingtacos
585,585,36,Carnitas Taco,Guadalajara Taco truck,"Oakland, CA",9.3/10,0.93,18 seconds to finish,#tacos #tomeatingtacos
586,586,35,Pollo Taco,Tacomiendo,"West Los Angeles, CA",7/10,0.7000000000000001,47 seconds to finish,#tacos #tomeatingtacos
587,587,34,Steak Taco,California Mexican Grill,"West Los Angeles, CA",9/10,0.9,29 seconds to finish,#tacos #tomeatingtacos
588,588,33,Tito's Taco With Cheese,Tito's Tacos,"Culver City, CA",7.1/10,0.71,43 seconds to finish,#tacos #tomeatingtacos
589,589,32,"Pete's Tantalizing Taco (sausage, egg, cheese, peppers)",Maudie's Tex Mex,"AUS Airport - Austin, TX",6.3/10,0.63,24 seconds to finish,#tacos #tomeatingtacos
590,590,31,Cherry Brisket Taco,Austin Taste Us food truck,"Austin, TX",9.1/10,0.909999999999999,94 seconds to finish,#tacos #tomeatingtacos
591,591,30,Al Pastor Loco Taco,Savor De Moi,"East Austin, TX",9.2/10,0.919999999999999,118 seconds to finish,#tacos #tomeatingtacos
592,592,29,Triple Double Crunchwrap,Taco Bell,"Playa Del Rey, CA",8.9/10,0.89,132 seconds to finish,#tomeatingtacos
593,593,28,Asada Taco,El Sauz,"Glendale, CA",9.2/10,0.919999999999999,8 seconds to finish,#tomeatingtacos
594,594,27,Pizza Taco,Enzo's Pizza,"Westwood, Los Angeles, CA",8.2/10,0.8200000000000001,36 seconds to finish,#tomeatingtacos
595,595,26,Asada Taco,Tacos La Flama,"West Los Angeles, CA",7.1/10,0.71,26 seconds to finish,#tomeatingtacos
596,596,25,Classic Crunchy Taco,El Pollo Loco,"Palms, Los Angeles, CA",9.1/10,0.909999999999999,34 seconds to finish,#tomeatingtacos
597,597,24,Mahi Mahi taco,Tacos Por Favor,"Sawtelle, Los Angeles, CA",9.3/10,0.93,96 seconds to finish,#tomeatingtacos
598,598,23,Short rib taco,Kogi Korean BBQ Food Truck,"West Los Angeles,CA",9/10,0.9,18 seconds to finish,tomeatingtacos
599,599,22,Chorizo Taco,El Super Taco,"West Los Angeles,CA",8.1/10,0.809999999999999,9 seconds to finish,tomeatingtacos
600,600,21,Cabeza (cow head) taco,Pepe's Tacos,"Del Rey, Los Angeles, CA",8.8/10,0.8800000000000001,29 seconds to finish,#tomeatingtacos
601,601,20,Fish Taco,Trujillo' Taco Shop,"San Diego, CA",7.8/10,0.78,98 seconds to finish,#tomeatingtacos
602,602,19,3 Steak tacos,La Salsa,"West Los Angeles, California",8.6/10,0.86,138 seconds to finish,#tomeatingtacos
603,603,18,Carne Guisada taco,Salt Lick's Taco Bar,"Austin-Bergstrom Airport, TX",7.1/10,0.71,54 seconds to finish,#tomeatingtacos
604,604,17,Steak quesadilla taco AND Guaca taco with chicken,Pueblo Viejo,"East Austin, TX",9.8/10,0.9800000000000001,and 9.7/10 respectively. 183 seconds to finish,#tomeatingtacos
605,605,16,Bacon & egg taco,Juana Taco,"East Austin, TX",9.1/10,0.909999999999999,and 9.7/10 respectively. 183 seconds to finish,#tomeatingtacos
606,606,15,2 Bistek Tacos,La Sirena,Rainey St,"Austin, TX",,6.9/10. 163 seconds to finish,#tomeatingtacos
607,607,14,"Taco don Chago (bacon, avocado, beans)",Puebla Viejo,"East Austin, TX","Austin, TX",,6.9/10. 163 seconds to finish,#tomeatingtacos
608,608,13,"Street Taco (steak, avocado, other stuff)",Taco Joint,UT- Austin,9.4/10,0.9400000000000001,6.9/10. 163 seconds to finish,#tomeatingtacos
609,609,12,Naked Chicken Chalupa,Taco Bell Cantina,UT-Austin,8.9/10,0.89,6.9/10. 163 seconds to finish,#tomeatingtacos
610,610,11,The Washingtonian,Torchy's Tacos,"SoCo, Austin, TX",9.2/10,0.919999999999999,6.9/10. 163 seconds to finish,#tomeatingtacos
611,611,10,The Moi (pork sausage) taco,Savor De Moi,"East Austin, TX",9.8/10,0.9800000000000001,6.9/10. 163 seconds to finish,#tomeatingtacos
612,612,9,"Spicy pork, egg, and cheese breakfast taco",Chi'lantro,"Downtown Austin, TX",8.5/10,0.85,6.9/10. 163 seconds to finish,#tomeatingtacos
613,613,8,Beef taco,Jack in the box,West Los Angeles,5.3/10,0.53,6.9/10. 163 seconds to finish,#tomeatingtacos
614,614,7,Tongue taco,Taco Super Gallito,"Westwood, Los Angeles",6.7/10,0.67,6.9/10. 163 seconds to finish,#tomeatingtacos
615,615,6,Crispy shrimp taco,Taco tu Madres,"Westwood, Los Angeles",9/10,0.9,6.9/10. 163 seconds to finish,#tomeatingtacos
616,616,5,Pollo taco,Cemitas Poblanas Food Truck,"Palms, Los Angeles",8.7/10,0.8699999999999991,6.9/10. 163 seconds to finish,#tomeatingtacos
617,617,4,Carnitas taco,El Burrito Jr,"Redondo Beach, Los Angeles",9/10,0.9,6.9/10. 163 seconds to finish,#tomeatingtacos
618,618,3,Chicken Taco,Leo's Taco Truck,"Mid City, Los Angeles",7.9/10,0.79,6.9/10. 163 seconds to finish,#tomeatingtacos
619,619,2,Pancake style Taco,"IHOP , Palms, Los Angeles",6/10 #tomeatingtacos,7.9/10,0.79,6.9/10. 163 seconds to finish,#tomeatingtacos
620,620,1,Steak Taco,"Lucy's Drive Thru - Westlake, Los Angeles",7.6/10 #tacos #tomeatingtacos,7.9/10,0.79,6.9/10. 163 seconds to finish,#tomeatingtacos
